N,P,K,temperature,humidity,rainfall,ph,label
98.27091604506487,48.96257839801088,49.33210483059403,28.403967450197726,79.36205858108556,187.05822488449894,6.6163114204237,rice
96.79195025803398,48.69824789512883,50.695308720205134,27.464595473813443,85.81779343299571,234.4460031495707,6.538677512105341,rice
91.14014077186215,43.912025795073696,51.47805317126721,29.622161654408096,80.20828431951692,217.66088753704275,6.686121677140304,rice
82.55745642389587,48.12633609713264,52.94217519556115,28.746808770758893,78.79685163672433,228.28519689113404,6.586874707264945,rice
109.3879217044437,43.32066671451096,53.40950412551231,23.97095921654972,66.90027288890575,206.64840397961095,6.179466483778902,rice
110.51214691667687,53.98559539767737,42.68555155222583,28.694722846696,74.98898587878826,218.10263538060175,6.397135077715213,rice
101.37303828953105,54.9118178692626,53.83048274475466,27.699770203738417,83.2497404890315,230.5268248283026,6.28055508717314,rice
91.39154687420107,47.18019035518392,52.99595840286069,26.499768858005233,91.67877111240274,201.97556407189714,6.115393890034245,rice
109.22168218563635,58.531099888060794,53.03415614503556,28.671634691935346,87.13172488721081,217.9313955276413,6.001964373401358,rice
93.61508142017544,55.71737454389946,41.33792956353027,27.067062641574523,81.26618679671031,213.05697237409925,6.753271195228834,rice
106.9693568983188,63.928451101404384,53.71980660663881,25.781193082713877,77.19101203832984,201.70521577267584,6.833295745935537,rice
93.19800598223559,49.578435357796415,54.49581571573805,25.55307401869719,78.53171018191141,179.49170215671384,6.12113248333645,rice
93.1871630536978,52.49456593110003,57.16095963465978,26.963066373672575,81.30682139599901,223.6953261080391,6.8796593897087615,rice
110.72026238485847,51.64215989244526,43.93433417932813,28.80677062868919,81.90523563977877,246.99271409371283,6.489532692561576,rice
123.43721109380616,47.84674195806907,59.55836248557826,27.230237945214466,77.41865495377249,195.1741467985673,6.447139306961407,rice
117.07985231400622,54.898246979688366,54.13330318559602,22.248254853817606,83.55482102285019,232.2287530402365,6.307525800458135,rice
92.47138760583525,49.98613728911852,60.34925757889239,24.889798601155352,77.86097482631858,249.95926450771285,6.343847220200288,rice
95.62898228966871,50.58665808373206,42.55226374018583,27.439890860300025,73.95191201513182,239.4743628278792,6.501113287965296,rice
127.40117760217301,51.68504308118621,58.194136942596494,24.393472056565273,79.38930328239067,227.10920438831027,7.111002321429867,rice
79.82900874374843,55.94371807885294,53.5481240828955,30.06709239147626,83.56192759039361,221.14556607228687,6.317422622353644,rice
85.02184338588737,51.172536589417824,48.84981938602813,31.040534676159282,76.94487586007577,227.04862059451247,5.950849503113495,rice
95.25444906008586,51.566887280546595,54.943760075117034,29.896203373656203,79.77925911835365,195.4206126606605,6.660247639822039,rice
106.20384518096552,52.94995005702962,45.7982738049516,29.266768795173775,80.43947955452258,235.3961416777517,6.945925634033056,rice
107.31126784679022,51.719096167890626,62.91677141060315,27.4874060819443,78.52017883613959,222.46327482682665,7.018969033952997,rice
101.4245498426416,53.11626593083527,57.17438864199298,25.974282779546343,71.36715115373177,226.5873093487617,6.580407178083389,rice
92.70387785727023,55.2265182862545,53.645404261907416,25.010015156801167,82.59109222010602,215.68569090414334,5.980941155427452,rice
105.43540279679162,49.72871223992365,45.5283026048608,28.045891173793496,82.44046636096189,207.29418195322543,6.640123266687137,rice
112.18077923430933,45.724000185885785,52.285340164409554,27.005511500962616,91.33005155325442,179.0293346428799,6.743349375992262,rice
96.32505976262541,49.398814707021,61.40953385829962,26.98285369747841,91.20471851887784,210.27274476090196,6.622679214471838,rice
94.1098299799013,45.8558719242927,50.37489875870919,26.434856949301796,81.01245791993213,173.68938691006838,7.200863691013359,rice
97.99603709462465,60.45743303740396,43.95732724336113,27.58507140944854,95.82471050738442,200.86595797166163,5.976645079412107,rice
93.44188557596031,52.834930563935636,54.16004024036778,29.580733376042854,78.71493800803343,184.75048329099337,6.34773956843372,rice
114.88267233762109,52.79397591902775,38.25836728774998,26.929896976623688,86.99084045661066,266.78405901290955,6.696590323574672,rice
103.71162775359403,42.558765992085625,44.94054275619497,27.093831715012332,82.51598870406764,232.76405220463482,6.332627005703053,rice
86.17669325891782,45.33330895340052,43.05815363444143,28.286818365527985,68.4385944697717,212.66788343659115,6.657457416235424,rice
118.26415269597928,50.42779805030583,56.00770363708466,26.201991856437814,76.27798006733954,205.16335315437576,7.0345675236656415,rice
111.93065372677295,52.92438755877569,69.98161318137063,26.9353172549477,83.101748255144,226.76701415628725,6.422340008456544,rice
127.79405617325821,59.03962881822268,41.60312219227667,26.20030735542957,82.14168269184144,237.23003073092505,6.028043525565317,rice
72.93326095573836,38.561798187429304,49.573331219952685,26.793593641920644,81.72609688057257,203.06715488666072,6.071516813432878,rice
75.7234593090478,51.97512415248462,52.22032375092666,28.98598734071142,83.95397843989616,215.80425721938727,6.9722413369637195,rice
98.3635970616814,46.03498168209157,46.87652934017859,25.830376710589213,69.17131640249829,223.43917316568687,6.587459957116758,rice
95.65281026941483,45.71695117948151,52.23082294613166,30.43374117509538,80.19127576252491,208.83206064138645,6.292993479151974,rice
99.16292274225805,42.41140657375135,49.24843587081152,27.12236452867356,89.22339343883095,240.75642281049426,6.861910232477458,rice
91.44461750680912,54.01952925941746,43.1637051527005,27.62392139338174,82.0936863020943,203.1389928466308,7.199782931806522,rice
106.80848395300795,38.583630182632945,53.31715931957485,26.185176362219984,80.00688107908151,230.24682540011202,6.636686433559039,rice
75.53018388358461,43.050081538318494,54.63574495144755,29.60240849845858,89.5157644333125,259.6697012503683,5.780562188379332,rice
109.23378545123741,38.50225879330938,59.68160437125197,27.506698805644096,74.2941560601148,264.2178208360051,6.7253898046018055,rice
77.30621333258233,51.760808704763726,45.61316055400772,27.22259095994048,77.67402692722318,250.2168654979104,6.001849764135749,rice
103.808862019137,60.885130043599865,45.03823820617837,27.421297352116436,81.01000820475039,204.82655184467106,6.726762767967839,rice
101.16460338171876,44.33739497130126,60.5720966293931,28.583229993179604,79.16446527488735,205.9931551162438,6.225473082226316,rice
114.77129167072663,49.12113059275671,52.75662922318853,26.63108659821413,83.08204734908679,217.44845913723057,6.767348855366974,rice
97.80146908214165,54.97752378271113,54.034304656097824,26.76678039867764,75.70111379786707,199.3173602080363,6.240742112950731,rice
88.18614828058229,55.194778527524306,49.72038612493758,30.14020195514506,91.3966491385257,220.5328943635892,5.9581939791798195,rice
95.42255762151662,49.54790949850134,41.0693459290832,26.499013445393896,81.43473154570943,209.89258738365774,6.2310509269805,rice
90.8949188852463,60.720102382156476,49.042123518213856,25.34013977063287,78.13550804652438,240.99556157699814,6.260359184585105,rice
105.78216771198194,54.367309693398205,54.49470699320585,29.7993893423933,77.24759010181796,244.92012296800394,6.222501240066021,rice
95.2415214760093,57.17652303836219,54.93425241866706,27.004195101196814,74.04293086985061,232.35651619605315,6.279369555180869,rice
88.91338206148104,46.11119447342841,51.478964239402664,22.75793578913698,81.80381576605994,223.82601163361875,6.295415759147048,rice
112.44312752140428,53.66864254215655,46.36229512720909,25.659966756458154,83.47575737730965,186.64638169284638,6.383582149586061,rice
92.42744167030389,50.419264907923775,51.26675913434459,27.07357582992856,85.67424038109708,225.01738676190416,6.389752712073974,rice
85.46974110930903,54.33109878114638,53.16887927511013,29.901619089793506,76.26272583274095,220.5811968818851,6.479457555842122,rice
98.94866968900521,50.06234126796268,39.712763058311225,28.649971068051304,83.26602935665984,244.87041481889395,7.287351028273022,rice
96.17239367637079,49.78314094141213,50.05870139074004,30.88437090141691,71.34390138632534,230.68689534456277,5.985209021393047,rice
69.02115061452176,37.87500325107237,41.70938866574976,29.1380508788414,75.65819793517116,214.9959314958088,6.0927705339370375,rice
107.33140573869694,43.388230852995115,57.90591305603099,25.013789171465437,76.17586281010688,222.7003029988535,6.5086489272897525,rice
117.09628106503462,50.72244372855902,42.75299426983475,25.87932945180737,77.13608028316084,235.95092886488732,6.634327553084273,rice
98.56730772385436,55.217643320020315,46.82902149693039,26.727532503375798,80.90380202166644,253.61998822082512,6.465513386886743,rice
95.79041309422318,43.72497777372625,54.11631309989876,25.82470925150592,81.7184250893395,178.16458241142635,6.865115435585254,rice
84.01674678413676,45.3359458185475,56.35148680911584,24.33105852805123,79.60272482313383,221.6336337837708,6.150505115333505,rice
116.11519601859968,58.992669813946506,38.17029497843029,24.102019405202988,84.04116101246504,191.3334690219191,6.363976926251542,rice
101.55462506000599,54.151100493880165,48.66048443353214,27.190441839604077,76.1163354132476,248.43195516554565,6.326640150084375,rice
104.07679465091203,46.9301714805006,50.6379409444066,26.66367379120007,79.18767914217449,197.69682111936908,6.778744477983313,rice
116.96850900085914,51.45888858667659,54.39401164248629,28.67613576143716,84.6399289049534,226.67384852990057,6.57429004799384,rice
110.36808726424948,50.4129939536167,44.15648963741028,27.047696708911865,70.55792304230279,219.8701947473879,6.6446803177041245,rice
114.83176931576743,50.907663664382554,55.568838927089296,26.998924971617182,74.88261826976596,188.94964621017553,6.160592967651953,rice
83.60622737623835,53.80224686311555,48.75431188581021,28.140629780030633,80.36715714915742,242.96908998388696,6.871067476811093,rice
92.25594390667418,48.3541042343294,46.80302847935229,23.75737584851812,83.37608572700435,246.15348534025935,6.497750063054031,rice
94.08169337861199,56.54543017333734,35.93022626590705,27.354950391870748,80.71641987050147,207.4411448004396,6.987051085765781,rice
111.64882502865392,48.43305651381226,49.479824059688994,26.223952072902588,77.43940045672849,191.21960160899496,6.982981958793735,rice
112.33600180348843,54.788997986836726,43.433984481343536,31.161690329266666,89.90082632778632,224.13725771802828,6.183522771751008,rice
89.60283899746997,52.51129178653093,44.521915158334565,26.931578231486554,85.44322354893382,186.84987763897107,7.202005043458503,rice
118.80050090795496,42.57748490217524,41.51815223451775,26.43315629288107,74.84428399849817,214.1981418079685,5.596584912107053,rice
97.25557533757625,60.81713882947291,43.30043179557423,26.45386232634122,72.5519539952956,234.04122555532336,6.421138283763495,rice
123.28879671591079,51.241036660636404,47.76692019056799,28.10054499151157,77.46886020405952,190.53522008797646,6.605681719426013,rice
97.90157442149795,50.99789030203317,52.25274399536039,25.97936065681109,82.10788186246226,258.22932460915064,6.112270164596192,rice
120.84910608680937,48.54318049406231,45.4002401249039,31.854441142303582,80.77510816562624,250.14886610100604,6.786157984321253,rice
79.8328620995233,50.72491759191511,46.84808144197602,24.316414810008194,71.14144316840112,222.25038536192548,6.7065885537796746,rice
104.68801822283436,48.16502866903307,45.208898122351,25.026277636765855,77.22419702770274,197.27278553134389,6.428853872045046,rice
99.72535499237515,44.62407101033624,48.60769919341992,25.4793599230232,79.97763797373975,231.15592957500405,6.562343831882066,rice
105.66581049389231,40.08791253435277,47.72782100852898,27.553478753461583,83.20581229795667,184.84392601971763,6.555712388836302,rice
114.47704778237957,48.92833582512691,49.43145133113959,27.900913764052024,81.23559091978727,234.842021705688,6.5253448524297175,rice
101.82995284423264,45.3053333771538,48.97737283182739,29.506244074537303,78.97915122170348,216.29158585141147,6.327973819828172,rice
109.44623058928859,44.87192553402331,55.4630131703123,25.12605321147907,74.71109437428356,224.53066816607043,6.5455628143606335,rice
103.57068763616688,56.3752227253364,47.52502420879812,27.885987185787897,75.45091367325404,247.7017186533753,6.7213605332470046,rice
106.43822518423885,51.12727094785871,45.286403335165616,26.34525687666522,82.50889730912508,219.57794937020483,6.543310631865057,rice
83.68216591837951,51.08656387925748,45.84843565915459,24.833326892495453,79.22657305240226,179.1569064425224,6.744499496642134,rice
110.22415477229494,49.67938340451972,44.037306952688574,25.1092623591722,79.24438473265882,166.67785791426985,6.563166874076025,rice
107.97318428776092,48.12863090890482,47.033585783542414,27.363934517137324,81.75322033519947,244.07133854104978,6.506438837724602,rice
91.72290818159385,47.2324097241659,51.091674451160515,30.11240074999386,78.39863347606152,196.84441349317072,6.195462682953555,rice
74.84398472532214,51.97876398608625,41.83205426430681,24.53298094477484,70.11992692922648,195.40425564917345,6.698945066928236,rice
84.26375060049706,39.50214597958382,51.069578803819205,26.317657422127972,82.16095006760139,236.29231570797242,6.49702537431341,rice
84.42687008341807,49.257200232637615,53.00155688089988,25.8340220858776,72.81269376143553,244.25746533926068,6.354663324885425,rice
95.08923985102265,50.0957734503872,56.18283414505551,27.527239503913247,78.33387006821474,235.00693359584636,7.251458572482647,rice
116.65343509726614,54.03722852406791,43.266317120857614,34.50411748613066,74.0067144066404,211.82033612257936,6.255038782020001,rice
119.52270233827673,52.52144045285482,41.43725022287849,27.53517435452245,82.73452833924469,212.99337348170832,6.072933573739913,rice
91.29959898446182,47.37890588525359,50.13638917364025,25.960180100606518,83.67610202122225,199.1011550428374,5.894014596021801,rice
91.12727867356912,58.09334387828871,46.561062157095876,31.681617775582446,82.4574211719243,194.38262658662484,6.207999831125894,rice
102.92046965672576,42.93413646629132,64.2474719181896,25.01821843821356,83.40471727975341,252.12285758572312,6.461779857548365,rice
88.0496664954219,48.3616019463523,52.17329838480444,28.751504185723043,80.28358467998125,189.1951066284212,6.514813367313397,rice
91.91970194137005,36.90058497544755,45.814638871017316,24.13509865042415,82.93427203634256,262.7716245889037,7.150563779866139,rice
93.12149506661449,47.19563377866037,54.13269199594301,29.122571224145727,77.90630706720157,216.86200935802532,7.272425272203512,rice
98.71058177335337,47.08807134625312,50.71948390324974,28.159404724259712,74.8917907139071,214.53513827525512,6.091773783448529,rice
96.6608373579931,61.261547172680615,54.45033307200734,26.81491349856268,75.33443987206815,213.14902489145842,6.867756664710822,rice
93.25975827639198,58.702523945120774,41.75818186842901,26.419907413429588,88.71382166642111,175.82754708081904,6.915944605072437,rice
77.78347510431482,49.45952091760406,48.96479156953352,28.64858698142351,64.22728426937809,177.80818411727148,6.301894297228177,rice
100.44274048331185,44.64069887324532,48.67479814068095,24.62765366637892,77.99363516364106,201.371144728816,6.585407455354808,rice
106.97703820291223,58.597580376842316,46.06148872870242,26.364016353495348,80.23872713721187,213.51177612400267,6.4818033085143565,rice
81.25385525166138,52.23052894142107,44.50885063819257,25.0860768640068,72.05936898048925,245.54203587455083,6.450786814545978,rice
113.79390378856,51.63381009108889,39.779834442224505,24.83260713821027,83.78965986970304,203.15498028779712,6.118379582893756,rice
97.84745046073252,48.93819702346245,43.92879560544022,26.347709488773074,77.60753663331847,163.02022797590345,6.675932234433573,rice
72.21080032300712,57.82663654855146,38.78932912959896,21.840803240557282,75.9381197199334,84.14944884203662,6.277339005717292,maize
85.73443249746444,48.0221233996711,36.06045136789013,25.37607046922327,69.02838544414378,112.83855064067713,6.706026766403616,maize
109.14285726187094,40.12463578412314,44.882956332208124,22.866691017932432,75.77375250416006,108.21837977753485,6.763913239292873,maize
72.53761321678029,45.52909054769862,34.039728606617096,28.41900028381772,72.54109647148162,97.39140049480412,6.82673037023865,maize
87.20878915168986,55.85158516842483,36.232897799232866,23.57232811400652,70.97720990533773,103.5542114521007,6.835032202207273,maize
70.31709871755646,50.76325481466666,56.908910476673334,26.38384395522158,74.35281442053731,99.80812729733034,6.7686694545568145,maize
97.3183019522983,50.63985192358601,51.609483386067645,23.249721243337127,72.95049383315416,109.04216675196965,6.236798817259632,maize
90.54199230606939,45.9485204238015,40.65170800928496,24.997615297789743,79.65994871488286,103.09152953072804,6.827524673719063,maize
72.97474187542304,50.46498473445679,38.64659560206974,23.857787253321764,74.17820334396102,99.6160269408891,7.007953719750411,maize
78.05680216437747,48.812384435165335,51.894080357761126,23.702766988773643,62.401176970799106,113.01276920788543,6.644965756580009,maize
59.21412850324911,50.26717592821512,42.819550204410085,28.489679320238555,66.35504293390812,94.19231944276451,6.181359711784264,maize
69.88106156806458,45.797024475872156,37.24600783777489,22.93760523745578,61.967073816761214,85.02721280883249,5.954113739056397,maize
74.99687423109788,45.89786872647354,38.377059852734575,25.956541750039076,69.759620592152,95.68024047491213,6.337609352328963,maize
95.29164379132008,51.43888464726501,47.56704296577121,19.827920112247227,66.73132755297736,78.28993215994126,6.350828485486121,maize
83.58377740489206,45.954213397415394,47.800487683308745,22.954500049889262,72.87901573773775,84.46390669366215,6.408409112042097,maize
84.0301491010289,53.2155247293046,44.312777840388506,28.8794285392611,67.92790081508896,95.49004257530675,5.534172387018543,maize
96.98176471472038,47.78601025294778,38.649516323128545,27.64180889411098,76.17753061737832,101.08325624566062,5.997777450979945,maize
84.02217008891326,46.27164806934209,38.677832305033014,27.086744734287038,59.337039568068946,105.67163257367058,6.660774283799557,maize
99.68970370997769,51.951042990979566,33.88446994771583,23.327758024858543,70.32333460652798,103.55563643609786,6.843285626720301,maize
61.18711268404104,48.020301876799635,50.23724910895367,28.087939591084922,79.30511911656313,96.09780822635517,6.884161839812247,maize
96.43243848712441,57.18841714035687,48.907900414972936,26.65559385561804,66.0505784419919,85.52750228985549,6.8439967750240065,maize
76.66815863952513,49.831198515689586,41.87491171966237,24.21418631630064,71.16374697342944,89.78140625808362,6.523975004170871,maize
82.36212680219914,49.5358674752676,40.98439903866621,26.573239707036706,79.36318481996649,93.98757040193576,6.93206199771979,maize
88.53693496908247,34.080489691695966,40.88955186028933,23.728319390829437,73.90885775390576,101.88487881037489,6.666039331314328,maize
86.10827713156412,44.606499710946004,40.968630261894475,22.55422207457338,69.14864700296516,98.80896793338113,6.559921864449875,maize
73.01784678951871,55.43914758885836,49.9523984060861,28.0930376173362,73.5565394769851,101.85511238469316,6.7353483904984275,maize
85.8536171768307,46.08911060056675,51.9626808452431,28.437036304329716,79.88476590204924,100.35225709046411,6.613494655154336,maize
83.99704534900633,49.984726620796444,48.344159337554466,24.757640298385514,69.03108298125929,117.5898216898663,6.55765040396566,maize
80.6432979303426,55.29211566219473,45.8117979972263,25.583244514418528,69.68217911760497,87.79583507844703,6.489159899477949,maize
69.08590628561653,51.26090735414508,38.620233648723186,26.833418263099855,73.74617382799418,102.80428252253618,6.4649531428087075,maize
83.99649228353591,38.21000997645108,39.07717255782899,24.7025334737721,71.72629716771281,99.2060422779715,6.148386451565501,maize
81.28108193236248,47.27779746518674,39.22957596565552,25.659004030167775,68.95010896814489,111.96483175696451,6.732936223434017,maize
87.0528448049261,51.92999974103636,40.43603892297066,23.128745715743303,62.64420951154452,128.79012497563602,6.122194323796555,maize
77.98561438922745,47.83766500737967,43.4820728442884,23.83189898730715,60.65827575364669,90.01806262506807,6.0132656644204605,maize
78.78291592646167,45.89480356788921,41.289226601974576,25.43175849129679,67.08607460570872,109.32094136671815,6.364837074791869,maize
82.16150459095047,42.04821969144392,48.54711431287047,24.189633214561454,72.0437904164514,103.3000516778113,6.439294895488922,maize
82.08741551643129,47.688221384283274,52.26899265184277,26.868577709368708,72.41247130399374,88.19859584946656,6.115243020546722,maize
73.62692893393572,48.52998473867421,47.41928461254243,23.20692430270939,75.88537035671786,100.0359482604086,5.795526378854508,maize
75.43695571463115,34.488888293109355,40.94066498277642,23.90174430109399,66.94794932715057,96.74746457742658,6.362064364791234,maize
74.3001502054274,59.014981472281,51.56047213721517,22.716318686420323,76.26949949256704,83.78632518119437,6.214885740599023,maize
94.641850360659,36.56267997149624,48.103842579837945,22.493011766880535,69.27999937598545,98.19796789297108,7.094021474096677,maize
72.21820696175763,49.58590890051977,48.38590700416012,24.496445017073526,65.8896633661728,99.4080022014798,6.53272902005015,maize
88.48693216552682,44.341685926379135,42.574695227164526,25.645885379048508,69.16416281331314,98.14719769018559,6.494048913836549,maize
73.31994091292583,45.201857590203815,47.37994296449109,22.80979981441671,75.82691925603787,102.1730491319659,6.053210617950982,maize
82.7170591588665,51.00367159451385,49.115671472433405,27.31769914369001,68.16790442167675,92.92237292293508,6.287906459639341,maize
70.5815510835112,45.52135059901321,46.53631316310125,25.030531625637664,67.5432149638354,92.61744189217588,6.621760194329019,maize
75.18464947787017,43.759059543361516,44.18095576892682,24.471012803810083,64.64979353451658,108.2717635626141,6.7961043504491405,maize
80.392579371301,50.78624221345428,47.847463738631525,24.938155055472823,74.45646122321331,116.56008484699484,6.528172564884147,maize
84.22643287017883,55.24071000776817,43.1745688432871,22.743390965616232,74.53000407673095,84.31235643253738,7.126092841507724,maize
88.35616091246827,51.12614701706195,45.27591804310587,28.50271589622588,65.26887021613146,88.39806539676374,6.29065242635075,maize
77.48674415292588,43.96118455762682,45.830849797283165,25.271889894685497,65.9307142600609,116.03052652443563,6.012774121042699,maize
67.74346055690901,52.256720190250704,43.879592425078926,25.835453709841545,66.9051468953112,89.66660221982491,6.274059784185161,maize
73.43748505245436,53.149976050007425,42.40822488854138,26.52286075498236,72.94037672902469,110.40596332300466,6.8152516600888235,maize
87.52978710998956,54.619117814059194,42.20986174456918,24.476231716519425,60.84936432070282,102.91750561892599,6.264181930278488,maize
83.85483645776519,53.16490447148365,37.698693995185224,22.972321268012898,68.253268321246,94.82399344368056,6.558457064447428,maize
68.90793184052097,50.283069992931644,35.882178074204454,20.689779281009695,73.58331819797789,86.94686510883935,6.304028802339887,maize
66.39331580623474,41.54677525958704,42.84617457764182,24.179743253435042,74.91293566218994,104.49512010913926,6.408608511934164,maize
87.27376189434196,56.69932530804238,47.221009102133806,24.187367724348867,75.09301688309289,117.68521626106096,6.731187011549104,maize
96.99849526784713,55.55959349998241,49.583836348894174,22.819627030164593,64.43225327014122,99.50516515334992,5.9156898071337345,maize
74.30764339529145,55.20402436520743,41.408160742693184,26.066382037311556,63.24374551720064,95.06358982813889,6.8582041502960625,maize
82.00171939409886,51.741695163067085,54.20550869061099,27.593607004975894,65.61571548401137,113.17898616503636,6.284664557073599,maize
79.83113760588931,50.0912785068129,50.794417333116975,22.741466723134515,72.25930442021043,105.24014879579673,6.784029645493264,maize
77.98029634566245,56.02047340022647,41.157662475855155,27.294117493536614,71.76120084005116,85.99917100787226,6.642772118419528,maize
81.72132410026904,47.866061933284286,41.02423052742978,24.519614086353922,62.78921493402851,116.90719464084124,6.105102418226187,maize
73.65168220153564,56.86939428835143,48.159166566270166,26.44049074264452,77.58354225600031,96.8785726432633,6.133726776586418,maize
88.10497250471158,54.77766974141428,43.23479712473853,22.46884015332874,76.1957527578946,105.75847388165508,6.019284127410675,maize
87.48755663865167,41.35413556950573,42.393795616869824,22.753381098618863,66.8108471385552,91.66688995024174,6.285341215506043,maize
86.95293403565135,51.76754580234244,48.395150651041185,27.184684247085883,68.1364874770868,100.79894683254189,6.688353549243174,maize
96.38469029694892,55.39446952029222,52.46037623927025,27.037929448917456,75.28632708736697,82.15329834081052,6.80830071797821,maize
82.04407852850045,50.325286246372144,42.15282225309754,24.14945184343871,72.08090369413516,108.39975763578505,5.975775038273392,maize
82.09379667833016,46.635879328116225,39.86566506186423,25.78524455055644,68.35641084052413,93.40963319325763,6.230792237254697,maize
82.70046894711217,49.939770354491216,39.10514196442278,23.318004740488075,69.0874676017809,104.0514781013021,6.132599922866665,maize
84.68582329212258,45.055983652322766,59.72982083297587,23.117994275726748,66.04937229856186,101.9400337485365,6.184166661493144,maize
87.94525981380048,60.80849808054067,42.906853057808206,25.34554208242888,67.41120166858254,99.99971109018477,7.0011070464760685,maize
88.58476349798428,44.57465039897671,53.34788357216481,27.32412265799963,72.43184159367047,93.40782583680715,6.522997638907447,maize
72.36352696763616,52.80563461803169,43.29105606905175,20.530075942439062,74.63101528138684,101.91453037682984,6.8774690741969335,maize
78.69267456179601,51.130799713487036,51.02276118022819,25.77559414285748,71.44000865108912,132.14390971909233,6.440849933212667,maize
81.62418319787277,60.40417220704239,40.65295841174612,22.918005397029543,62.83967099708748,105.33662459345338,6.718970760661424,maize
87.11828140692724,41.87863951971978,50.43163946120219,27.39453176278683,69.51344337671158,100.3256646595604,6.7364585223917715,maize
83.5245776013728,53.851817990259875,39.13513528698887,24.65075522854718,63.937633201306355,106.31276952056247,6.685575761796849,maize
79.05137608824279,51.780795376462,36.59481166609277,26.715850528774283,67.66364465039065,101.29051013415726,6.890379401642504,maize
72.73759416056139,57.183401109087626,45.670006671364625,25.056380311035756,72.78022784181543,87.52974417533217,6.70793716214638,maize
80.5904908035704,56.21766177562961,43.82924203100532,24.273365106435996,71.84819076328365,99.40632207475832,6.089110963903562,maize
78.13800579419727,57.60578011912514,44.49723988031987,23.25908007846454,73.57968502608489,81.4655632972552,5.7579064622810865,maize
79.9601571567375,51.08555138518588,46.19015574278225,23.214434217616855,69.24750189932406,86.01266748156824,6.576846808738331,maize
64.4929389960341,49.10454354992477,46.41252828011804,21.48674860115227,67.38748537244533,107.88146246415073,7.042138759256723,maize
65.56198123278443,52.0395107505893,38.32587337653658,22.309483996183253,77.98036915532177,106.68182235849736,6.218531995934902,maize
82.10266562076708,53.85167801758295,45.978980344515925,29.49455748739888,73.02889570569192,70.07018379571156,6.398430083101517,maize
72.92886830823375,48.77511933316158,45.072715840015285,23.69771414806328,64.57541197001997,113.63405490942708,6.709069697881999,maize
73.5609022374784,54.07789792060424,48.645975059139026,27.534614922292704,64.72343336712403,107.79881629354726,6.287274079422533,maize
91.08842788504788,48.84530507182373,32.732392143743446,25.070707947373073,61.07918738991667,97.8285057405592,6.479632929428199,maize
76.14747184822306,41.07848068820867,38.97506390101913,23.310818801335028,68.75945694488773,112.88499779913231,6.748179900630987,maize
75.46692575849987,57.64326623239611,37.61246256965248,26.370042634127977,69.12382649899128,102.36324790644619,6.723461768091001,maize
73.47607984049323,54.80694880332142,44.94972607434387,29.823597804173666,68.47869457394866,112.6917483653135,6.726481649098492,maize
68.72838640207311,58.16373343540787,39.27378166041417,20.536009659235976,74.26657843005977,110.68953385288141,6.518208970871915,maize
77.49421460552303,59.50209079694619,48.84408759844246,23.688268152544524,73.65766489817985,87.56708370279797,6.304361221805752,maize
69.90915169087116,36.799895719769836,38.64262024374044,27.444655806160128,64.51089060569028,94.49967969996798,6.093659210837665,maize
88.30982927959114,50.00718468900357,47.65002458526809,24.788626438937023,64.14486516389066,90.26057204406276,6.793043079105437,maize
79.44889572303579,54.64641013234028,27.921982299258453,27.22021747137707,67.53016405327598,121.72857246395638,6.321235720877137,maize
80.27138116812313,53.96226577398498,40.27070613432534,26.74547586192788,66.77392045572343,112.8910308822611,6.777622189857206,maize
84.75811180760996,45.65483492766159,43.862915689620834,25.599823216719376,59.833286297280935,94.4825070353381,6.828325726362003,maize
67.8254645848028,57.67386984534922,41.60709798460174,25.646514686080984,64.26168075145887,104.8437826442844,6.661954810789023,maize
90.90918999310958,58.1244206198648,51.769027935196135,25.41783796755576,63.869179408185516,113.23765083781025,6.043552842467917,maize
75.78838562877685,54.42265165424611,47.39521153590924,28.186130767249512,69.97973286692611,83.09931026900904,6.403659558375575,maize
81.6709806983651,47.89634583538866,52.627249179126245,24.50477477704057,62.820763500280556,104.66789465618376,6.098310174085366,maize
96.31896646074509,51.62056522860203,37.422264241889664,27.158783653658038,81.84623274079128,79.95943946962447,6.816075728139833,maize
84.64666477125937,51.05408178169094,46.85397346868591,25.983771329684256,66.53497582326428,114.10989838117777,6.027666543643684,maize
98.8022083546862,59.16612329728791,38.59487074830703,24.989199737999044,77.0992949357216,95.09005566495159,6.443157009341951,maize
76.13717697946093,57.00483684803396,41.71851313312906,24.980348810970078,72.70107700934112,97.92398287972624,6.19674896601227,maize
67.12113341809294,40.890461368365656,38.62905704849575,21.558900892025772,66.36561606038848,103.00214805258564,6.518933379085494,maize
72.06432242081328,43.891886267702496,39.635701760240764,22.224203954617995,63.82061211125128,107.14361573772308,6.008385972593688,maize
80.16623214702808,46.291676899099016,58.110900228600194,21.40614393345079,70.96650427462859,96.66249406002255,6.230104372432028,maize
83.0260443612046,50.93350770364711,39.22791211398831,25.852554717685223,71.94584289334507,113.09469723244456,6.286510075349402,maize
94.11626660619727,48.819095850215874,34.3295333044779,26.046191601449053,69.59204896618326,91.17649044063637,6.826634120347807,maize
75.4723684710728,56.10131364620149,44.553413910887095,26.500643471617366,73.39738880575342,104.73167915514529,6.138784799789642,maize
88.82924458073914,50.13057035016627,55.81220817768732,25.957339766590128,73.7556311701226,92.35107044479786,6.357850445040845,maize
80.92849274556157,42.97714374887779,38.68050220246308,24.782834484199746,69.61064400535298,102.02074886828616,6.890986446901435,maize
76.15676132338172,54.0852542543376,44.218969183181045,24.611976170924873,71.28534026093946,79.32271728470417,6.523224902577569,maize
73.87272824440684,44.42096876464261,34.810246346190105,24.114217818065878,60.61281964063464,108.70123159361614,6.416242438250934,maize
63.85211094920798,45.95885075161594,49.076750260766744,23.810233066369538,68.59391096911202,96.30816785829357,6.4551033633863,maize
31.841118191439904,59.67269031881177,74.64231011636747,28.907558528279864,53.934958100229174,66.35500326207534,7.145966952451279,chickpea
39.25104558637519,61.824063773383834,71.6084867212372,26.1104561408926,51.86162662290405,73.00280226095497,7.196325135808785,chickpea
38.53837636407347,59.998926840972786,85.63052832524562,24.36536382692481,49.549510075056645,71.45186583937075,6.469120837546043,chickpea
36.422223010794085,55.33158352859478,91.67338736069392,26.193154668242006,68.02726296939831,69.54759665295875,6.505507591357373,chickpea
35.34648749924719,71.5738616806882,65.23156928811053,22.36606288303359,52.16968477066098,83.99996219204901,6.445329565364719,chickpea
45.28798401884687,69.4561421349374,78.3990077451863,23.930990589528975,47.30642834296227,69.29433750539098,6.724740530596597,chickpea
27.618003304711003,62.9907141730951,83.40959760143527,19.61324789959695,47.938620853452946,64.00568683704348,6.6147863761976655,chickpea
38.529443699656454,53.101505535745545,70.32457154482893,23.6130264876016,52.62375980468527,69.14559517298076,6.719612045868763,chickpea
42.19456148850849,58.88922084972159,88.27077890381527,23.205997056129032,59.445171492351975,79.97665780004095,6.288833590273454,chickpea
44.425576582796666,72.83631946848438,70.66372037160505,22.93625858499871,53.21397952936754,73.52667145655691,6.9819971555433655,chickpea
36.78738110924553,69.45040696105607,71.77586420779895,22.72336209260206,60.11796141783113,85.62750313575579,6.6205706651318605,chickpea
43.75501413744453,61.584300273951925,64.80854086547203,21.08962348171177,48.976146162321506,65.97346355836672,6.6541241425461095,chickpea
40.13415421002647,69.19939630590864,84.0557713325366,28.306125312121747,53.78286029171778,76.31402337089602,6.94504409314302,chickpea
47.23152012437737,57.273244403307196,88.11447532599921,26.258145514298715,51.39593576858241,69.40102670705072,6.976507207159282,chickpea
37.91305863737088,53.698242722242135,97.59423676029957,22.54069979117883,63.670465457856515,65.93259747012839,6.72751887885888,chickpea
43.826267902274544,58.51666214511068,71.37086582301039,21.56017763319029,56.363361791713146,64.67108785452596,6.830823713747907,chickpea
29.16502791487018,55.98151961467267,78.26900713479965,21.974716589077048,50.032066909166346,62.931963361855544,6.82468231176123,chickpea
47.1378857229129,49.931330348164835,77.34790198457031,24.9540992053715,56.67228927458588,69.24994094599391,6.642250588793717,chickpea
40.06365704936226,59.27233835918103,59.00996708913628,21.56843353742539,45.25205540202756,80.32845221573186,7.087926977288988,chickpea
36.216476358565835,65.79511990480056,103.50701592417552,21.753847077882575,61.49637553453445,72.90004093392932,6.717155273045121,chickpea
34.69162936012599,55.997339622679895,76.20883984363557,18.368448737785858,57.65230935626517,67.42614964132645,6.960735475939589,chickpea
37.98770931367116,81.58756375290808,64.09006749622307,21.133881090625522,58.52602721575932,88.86774192760117,6.452653455077119,chickpea
48.7802314960163,53.39738825249541,92.4163243898706,23.150789097810186,66.14999270260391,84.25588213905499,6.573297065159748,chickpea
54.0913670322748,51.90605619725965,76.989241351204,26.615806274975128,51.326084471469166,64.86918915790856,6.845720639056836,chickpea
42.17193602319857,62.78771263342546,72.84130541898985,23.393787031551852,58.18712704345533,82.03192476850928,6.91485617087407,chickpea
33.985698696404754,60.20460598009567,74.04230170353829,25.63806181702114,46.622887516857006,74.47786510958142,6.427111294176691,chickpea
46.105874193787585,65.55236729090375,82.10557896253196,24.009877423628776,53.315599606098196,75.40621833980016,6.782630661208283,chickpea
43.509779232854484,60.421749184664456,56.18056174106876,21.972684631888505,62.58746225461385,81.62032172508631,6.83659219218271,chickpea
39.3950388250896,57.586213401374216,86.05338468032522,24.15807544869733,50.104540805142875,75.29320115623348,7.2315138138505075,chickpea
35.416648857346026,58.6547423948952,84.45022246619148,24.44550593489213,52.89732449993981,65.77057928807028,6.637640128204202,chickpea
41.84911657231937,63.089657629371416,79.81359157878869,20.271552089148518,49.55006594040438,75.09459226825192,6.372619125411948,chickpea
41.08651378238616,57.4022571237519,74.21860634126017,23.053396922730794,63.38176045595709,72.31053265653493,6.6965169956810096,chickpea
32.92781635390767,63.688116539985074,90.91235219554451,24.21475209342625,60.82977053619974,73.81278542270012,6.3438538168209515,chickpea
39.78424114792181,63.779049480738166,86.92171064449609,22.01384711934334,54.6831732715444,72.92695713825793,7.244952555878861,chickpea
44.82514624858979,64.65349190812532,83.80373660177304,20.94943726641649,49.495200921786136,69.26516276330668,7.164554184076531,chickpea
41.897696432711854,64.03989073427954,65.58506324431232,20.07669248698726,60.59941913267491,69.72289257284592,6.340209242362482,chickpea
44.23440364584135,61.857860361654716,108.33405703527434,25.500000894663216,56.733486623152416,68.79112351693176,6.8813034278479135,chickpea
39.50726958010896,49.64066365328485,88.9042123493173,23.54971503498804,41.226466074345055,64.91581419891968,6.509940356312331,chickpea
44.70827287681278,59.682802631268544,94.2791058038383,19.816960812603078,49.62106941754942,78.53675621379568,6.570672527038907,chickpea
34.91856452022089,56.2079659008407,72.70568698708554,24.078655694583745,60.590838055784204,57.304646150949225,6.698228227032287,chickpea
40.068370622765016,60.59179416893235,87.9992534687477,23.239694212295113,52.100983215066314,61.104851832475504,6.1613517550238805,chickpea
38.21866277229501,60.10375109974242,88.8485588584542,22.24446177691873,66.61852137127947,69.38816331152056,6.630829684207353,chickpea
41.82685725703178,53.01197552659315,82.00551719687307,18.871806290030115,58.38047037955566,70.53342924740969,6.8736997738908014,chickpea
40.743082038399976,50.82895630252707,71.37323461933875,26.132849826177555,57.472987902394514,65.22189375822705,6.9473781940987465,chickpea
41.95701232337118,74.07228813616128,90.65936850432293,23.822337387955244,52.75407378951775,84.26951932109313,6.76445797176102,chickpea
35.82154277295154,51.21422530137397,71.7209932347383,22.27182951166591,58.82700741558159,77.30548339007156,7.202874424289891,chickpea
40.73428813592893,65.98674621630178,101.68942952803404,24.820578841041353,63.01441287268141,57.914891591266596,6.540370367273716,chickpea
36.39464821274456,40.72535344983734,80.70731141774301,25.784897985623616,52.32341560561668,71.56353784707153,6.5010810311306075,chickpea
37.63970730465503,62.05423086613153,68.52055258995357,25.348066062188632,45.40620403416415,72.57787270469042,6.627981379553905,chickpea
47.147894776219616,65.48528466189171,59.99207224330911,18.155206786035606,49.99321794706474,65.98218897907387,6.73384757076928,chickpea
40.14517796014849,64.84989133042204,66.88648915445663,19.39890669539581,56.26230731502505,67.11215191025248,6.7638193336870795,chickpea
36.9192167370755,58.752896897726124,94.27046627474901,19.75345940973368,48.87234775800205,75.13281282014842,7.348592718309837,chickpea
39.0128852448445,50.90844582601326,60.78924852600637,23.521084893487537,48.7532288932412,87.40463140510334,7.6195612375668444,chickpea
41.086246207426036,63.49532425149902,78.86803767246832,25.283591322488853,54.98464761135933,70.5068540208345,7.276141141806521,chickpea
43.00567609485409,75.34306524420295,64.28643626329021,21.888835163841872,50.48046992446062,76.73423335460673,6.627243376553989,chickpea
42.891193541386144,51.583286730312224,79.09432550046877,27.59399087950628,63.191841107296305,54.97174452863401,6.927605262486422,chickpea
43.9664940203878,56.447466678763725,69.41714907519828,24.323975608964513,55.50412715034269,74.42032694876583,6.744681997694858,chickpea
51.189592875936846,53.42034421687335,75.23841212142031,24.02977091340818,58.65870881829061,58.97029095383529,7.254059449819561,chickpea
33.00103146486857,60.04607712033231,77.0525443465149,21.584750378116407,60.666252148102934,51.22357772581565,6.544226015693012,chickpea
35.66673351547079,66.299261329056,94.88404463373034,24.55093754708962,61.97642511088085,52.20356625830036,6.857260040958373,chickpea
33.3614396983938,57.300249209111,82.34884782693308,23.189249202645648,61.87876898387269,54.170917277367,6.507492242581406,chickpea
32.8929760702323,48.20070626104821,89.65548260610198,23.364837676094435,62.78306892221783,79.4816507013064,6.823852586427351,chickpea
35.3458413707556,67.14090091032823,73.36061057029298,20.601152369147485,49.24794945169564,70.97485689973924,7.242935446257935,chickpea
40.252522321495725,68.81588543249416,80.87688384815264,22.147102466281524,68.60586869522416,84.56835623932584,6.868917442920015,chickpea
36.00546530298782,48.41498794781168,83.85303325735421,22.48897654458169,57.33500405919093,72.5843297683116,6.952696663504809,chickpea
45.482692549204366,62.262383102805614,73.05493728467924,21.458902880029676,57.91563432517697,61.425384365027384,7.0514197684499464,chickpea
43.42812837144958,59.684038878075135,72.49833654429627,19.447322538969157,49.380175188434634,56.99256006744019,6.80933488231793,chickpea
37.87701982163745,53.37123693338218,88.37701252071943,23.258655770907122,55.237934642827575,74.46493424385824,7.162758356149078,chickpea
32.306444859929115,65.08809489521357,62.63420672667636,21.411232917925233,60.06072789283055,75.5297799958048,7.03265931359731,chickpea
40.8740075469317,70.17343120511529,65.20831246850206,22.389689373370196,55.23674525800898,86.28228126510564,7.159292467161343,chickpea
44.98445278087294,54.51831229115714,101.59675091884743,23.943616718670892,49.97037785439615,88.76287437669598,6.300582126947103,chickpea
35.830241189981294,58.315192254607084,70.58797051729007,24.054422392567748,56.38381342983657,70.90806653441861,7.462832391091653,chickpea
32.15694799662295,69.83797753152236,72.08334243607882,25.92432780597163,64.52606996593195,88.41242431005838,6.733320000872867,chickpea
34.41635454785545,62.36106790620424,79.48766174404693,19.47430122921067,58.67772494232032,62.618576244798064,7.304703088484486,chickpea
44.63278526243116,57.97437077728786,80.34717787490702,22.514865521484346,52.71303349146064,94.78648525593101,6.472331091563207,chickpea
40.2656204248131,67.13859530757709,76.31034498075655,21.742914424269944,48.35449476294943,79.536282662007,7.049201048227496,chickpea
42.25568134668974,49.136669697879334,84.83439525131652,23.570608814425025,53.30968112052474,58.98607363220817,6.780161087109011,chickpea
35.8199580573737,60.576250384043966,80.60806460796569,22.323683472377816,59.41011731617941,69.47159555073095,6.985180434632754,chickpea
42.00833119250202,67.25884665497092,70.74502692105467,22.309390307070636,59.60997253819215,71.22826268540152,7.194031838487444,chickpea
43.57716542016003,56.79830344293373,88.45290502665893,22.48502852441945,59.7830224761841,84.83011543851524,7.182058077419009,chickpea
50.989604403830015,48.82861006721468,74.73560153223305,22.46731082474925,52.998547292835525,72.97958431621711,6.671162009991931,chickpea
45.309315638872164,67.0902754913481,83.96934474665203,20.975573424814154,57.73686889562881,75.39432012527162,6.923859900593968,chickpea
40.144034040683025,70.08241108584707,74.73554450529716,22.26660505623441,58.335279305806196,74.24633038460057,7.098409133855576,chickpea
38.636748267924865,50.53411624631381,68.11921147966633,22.13465456981836,58.96212582941178,76.33811346526281,6.164431071329162,chickpea
42.562699704804935,59.371968693131436,69.99578364405622,27.381550062781287,56.319789431776776,76.61932180524343,7.698633902578145,chickpea
37.2106268613737,57.14311060830712,94.2945503276385,20.384658050639395,55.36982848145675,70.36972069411287,7.139563363188151,chickpea
41.945876285493966,53.42510495272982,89.3335647335668,24.69029882487133,49.74497951893784,64.49757444646015,6.615967376117268,chickpea
34.483167625252285,67.66560098005233,76.89110920405953,22.444339632300416,49.8112213448461,66.84368915153064,7.319733070420838,chickpea
43.59178363377467,48.35474010289279,70.4988100548567,24.271202030586466,52.50938948760065,65.57408352646686,6.498827746338542,chickpea
33.61086818080739,60.68608348463474,76.34938967845224,25.28075574053272,54.666460299325955,62.27863089579173,7.042831925383697,chickpea
46.461507117366516,54.70269421705126,63.65527131796894,22.042067904021593,48.25045093255159,83.13294218473601,6.314289403794345,chickpea
38.42706468107306,70.60935588324875,88.3636402670839,21.9726773187777,51.084679774116964,68.54802744613224,6.7159456791078735,chickpea
47.18271305860996,58.88640944890357,67.04028960247669,24.971545973222554,60.18266446090402,68.18563177435406,7.0702437620718195,chickpea
40.2459835090559,51.31105201835807,79.22168347014131,20.710644087075796,51.829224623351664,62.4888180163355,6.91649570561071,chickpea
40.89512176422911,50.49830862313112,71.1693917851392,22.994615903507018,57.321839619832055,70.57792925950766,6.0276219168203635,chickpea
46.17714376629584,72.76064416322272,95.20440978995005,24.088207899835243,58.35992943170851,64.76646128934951,6.86600253392566,chickpea
34.57298055375713,60.876674496335255,66.27494797574349,24.170403537357156,53.22722014601236,76.13655078199966,6.863900815806423,chickpea
37.79411513814644,66.07194701076557,68.73531487351852,22.470295202992336,52.31227870522698,75.95177936894166,6.77356965700676,chickpea
41.2960899816909,63.78339138636766,57.47729141969161,21.14736369456855,55.57964980158566,78.09980719656677,7.000405716537397,chickpea
46.291677606687394,58.404308121522995,80.96653234866255,22.000402000791965,52.82163873185037,63.35650518571862,6.609851792298815,chickpea
39.0857525365214,55.30881077088229,80.2551190096111,19.362731773510273,57.13966899943985,71.41965472968418,6.956180074769505,chickpea
37.77521471920064,56.34081810043,89.43066500336334,22.690992542622364,64.9327469177112,58.75105848201859,6.713422310994319,chickpea
34.58860684689767,54.33543900592327,72.4160805003489,22.03853544442078,58.91421055443907,60.84884761559259,7.013504109580768,chickpea
33.08373877575898,57.080215163228466,92.67016993904436,23.924085578326668,56.36140167746085,75.04084742498347,7.001591255193295,chickpea
43.01442708785189,70.10637385920835,70.03083812076683,22.85852153049928,58.186344368991875,75.99713828238441,6.995320268729945,chickpea
46.27137558121914,56.392834232689275,67.0426861290684,25.544773836505257,54.99598479258072,65.61050879675734,6.812515859578254,chickpea
37.92507419700766,67.2446974256615,88.54559896301295,23.62346569364298,57.70434794233612,70.26086100192266,7.159278134335788,chickpea
28.656065971350976,51.588995127159265,79.61666689983748,22.173045223141468,50.24742225410712,74.95974847298078,6.457565711086584,chickpea
41.043334095006536,60.89488591125429,80.5538908737399,21.34163040473861,54.03417208425882,79.81549552755754,6.990233170658244,chickpea
44.62162582710079,59.423409730652786,63.6580822274212,22.067063649235664,54.24661029886704,80.41206529704964,7.197583855617492,chickpea
42.03925674131264,53.8330009120772,81.23309326245777,22.476537014277298,53.7824587146228,60.13182319497133,6.962366628477659,chickpea
39.85675474636639,65.7915490976017,65.96838686822814,20.74603651458068,73.23136179555293,62.959598969546704,6.900653973407113,chickpea
42.1012245550756,52.928264126241196,96.5850282255636,22.86875976999552,55.747400203355134,84.54709067984018,6.523142676851035,chickpea
37.65932330659041,57.51230785057435,66.82259438090361,23.551678936968013,57.36526958802763,71.46655967274806,7.029540623130793,chickpea
44.15513957139495,62.4386602140777,77.68216556710098,25.440833289647014,51.51668064422388,81.17086034441641,6.7324652696468394,chickpea
43.6710532816712,73.15117423456839,58.257942754462235,22.615479242212693,52.980258192407966,83.65909219364666,6.657612158771035,chickpea
53.09929360891348,48.999099094035074,83.35525326031352,22.227396260820623,57.525451667031895,65.47885043304463,6.642138837415439,chickpea
31.25042542040189,60.7788504341769,65.61994863406355,20.380662098085967,55.43435038648654,69.02920672293595,7.159481476629229,chickpea
33.50497791615034,63.03128660579723,83.0960013789364,22.39525763629479,50.98182273094667,69.36726071629627,7.109395067041402,chickpea
38.20597243466722,66.10052411469066,77.37144158388469,26.449591135643637,55.13401750386926,68.5956609685292,6.236210216361698,chickpea
14.29139283843175,67.97406405353769,24.09020065729446,22.562553216551578,61.57679050987319,98.49561817280559,5.981706819819007,kidney beans
21.18079444964314,63.29832015111437,32.45860639062803,20.62384568583669,70.5940488007053,89.45507040988552,6.037133737920358,kidney beans
16.633824518763998,74.82517040853021,26.747957705548384,22.27434633419804,66.17227480974148,89.15631648335204,6.691019551106969,kidney beans
25.55811552956527,64.73246175298276,25.053042704427472,23.29827110175124,64.12372851710042,97.99823493911792,6.027518435520111,kidney beans
18.61643708385869,61.28673099431566,27.919411872472917,21.343406434602617,62.85817739986201,93.73177594122694,5.675176152005415,kidney beans
26.240726948370714,68.96704911234927,28.46600303842317,20.94020499873365,72.28600288350458,101.4520280543824,6.7084227709294755,kidney beans
19.94650609796755,64.65161507619732,22.888181902005996,22.154973844087262,66.12492048580276,114.92696471934471,6.738899520826907,kidney beans
20.359787368185064,74.50849974637212,14.129394567273184,21.059415163757404,66.248557014824,108.87121638729431,6.348085320364742,kidney beans
19.775787323788954,61.400318407370065,21.80093720722141,25.803920845637844,70.61112890068831,113.07777147188975,6.203712038408654,kidney beans
17.86212263703282,69.32661460318526,24.901514204187112,21.743844745831186,64.87571856815207,93.67048733040119,5.89500461189988,kidney beans
19.030381757934578,54.19371087628158,27.39299906641038,23.67710150961602,61.152305077120474,81.72570063510594,6.3377528345568015,kidney beans
20.953729835550526,65.1599548906529,19.66228763714296,18.164519077111173,73.55779681992479,97.83592039473199,6.376539702779779,kidney beans
19.717000869174665,68.2256128207804,19.88693609320574,21.108581146532615,58.22318455643008,89.128470973933,5.951843020872757,kidney beans
12.773802033544467,61.4026453085855,22.156444429460834,19.627570201305137,64.33580448404851,99.88659316514317,5.907059269351466,kidney beans
28.047885957425336,70.60201782672681,29.486626295678068,21.343233357939138,69.46799711530275,107.65575139366324,5.843522542720097,kidney beans
17.271160272986783,87.73873406371466,23.355129274585625,22.973722400629615,63.92699189956201,108.31397181400999,5.851895140745415,kidney beans
15.97883041461535,73.84785675986697,25.794129719751076,17.044758247121486,65.1170717529511,98.18032293404458,6.448733881857694,kidney beans
21.284216425915254,67.66913438687394,25.349857966059854,22.580937506317866,59.236882271354716,91.85100278701975,5.901691348315317,kidney beans
14.635361835532366,71.148380327242,29.31033571329978,23.2279908239363,61.993840455261335,94.62871897213715,6.046043893389844,kidney beans
24.45159301289398,69.10769709474417,31.955641027151188,20.060844685746773,63.871819828060694,87.39320105186601,5.703965376623423,kidney beans
19.37896064454697,62.38149328797533,22.948732057025417,18.930552435671494,65.98384895837646,97.16130358005677,6.520202928208917,kidney beans
22.202010084492546,54.76841471878892,26.582767503626787,20.802263536344697,72.66252853234022,99.7041159411032,6.0237702987605015,kidney beans
18.373835343017777,53.29300193291661,30.097826817406798,26.23870971806526,56.35101555356117,97.48207036544824,6.161358366431552,kidney beans
17.62289204444811,74.49678536018932,29.98975642030563,21.50931284738295,75.35641099322768,100.3277080289937,6.115333551306678,kidney beans
21.119214478082014,59.18094338773009,30.812531804932817,23.233272498038566,63.22527007869034,98.14481294551166,5.88227975089048,kidney beans
21.050037389922448,54.90962395891153,25.01267977855766,20.965589170839692,67.83527922595391,110.42568287591463,6.475428332233627,kidney beans
19.509717694192148,59.46493448595224,23.80135151927694,21.966734338446397,67.43959359834658,94.31825269561857,5.861452259083361,kidney beans
20.69370669582653,75.59865721845614,32.48929841074629,23.586399563997347,60.04868049687456,114.08593070792556,5.904018928559513,kidney beans
16.9177122271746,68.33536354045856,19.478698891069314,23.603360371714018,64.7318538979956,103.9912286959972,5.911799797329705,kidney beans
23.385709432904353,69.00236420320256,23.54668640323005,23.890562558776253,51.69856962426685,103.62311511664842,6.162361816665158,kidney beans
16.820004497227863,66.38223357533334,26.999203096391362,20.526075233273872,64.40236747489026,99.58580090878544,6.337512054347662,kidney beans
24.907098468205966,61.381190760915054,30.267671493518748,19.39155609918879,66.50388548589284,82.80391292398595,6.225121955819907,kidney beans
22.889017104913123,80.77916017709305,25.197426793535012,20.503370326236794,70.1324798467124,100.41157236822288,6.234418251046623,kidney beans
23.668071214039763,73.52345110745537,18.071483755178235,22.10309997782483,64.91802144143604,89.30430016977668,5.631635103922937,kidney beans
19.732615235641706,61.382889070591276,22.101207630620028,21.725263394826683,63.24487908099437,100.1759542526647,6.751876857573321,kidney beans
19.87948400575077,79.6668881168741,29.976394677397046,23.935165941553546,61.3574784143169,97.06564862150854,5.878096368022191,kidney beans
21.663499650523594,64.47692285872441,26.766792570811305,22.605048953082832,65.83923483826372,96.43091059790368,5.859452938585057,kidney beans
18.233259146372298,70.5896063828461,24.34447009057451,21.879950331519314,69.3390549987212,104.87576329131409,5.683817255765698,kidney beans
19.67834819962668,58.20390215751646,24.783267367026543,22.780542293477197,67.54707419326103,116.63784596276787,6.024714090103799,kidney beans
18.820225745176003,69.47741834239073,28.84794421583689,19.937151657813125,68.43358573431435,106.65478954940667,6.147375170901607,kidney beans
18.87559249718218,70.71465319197493,26.708680221011527,22.80140598526861,61.34103458161416,82.77696752217153,6.16709887787616,kidney beans
18.915604466482623,68.57355598506551,21.941948111331318,23.26939400228724,67.04804539948114,92.59870766788433,6.5307601304622676,kidney beans
18.628334035615914,59.56754045781142,26.003468507657196,21.97057447833603,60.47473307410845,106.20139245438828,6.196795850842719,kidney beans
16.967146865803617,51.3190663776531,26.705669515839023,22.198047604774302,65.59691395670396,113.76824475897777,5.328284808721726,kidney beans
25.076829261379174,75.63763189716776,21.079696413386618,24.029349453770315,60.940199449739076,89.57494190881636,6.164511558503348,kidney beans
27.310605110085312,67.82100585386516,25.199405629622504,23.771356576400613,61.88751149814915,114.97514565878139,6.749717208470571,kidney beans
21.716841515501503,58.851514327020936,29.288061901539027,22.589384066555166,68.21832142268246,111.36567008687726,6.3527521688309,kidney beans
16.389849867599292,76.62450578482934,26.117091533471935,22.648314915451884,68.07547516193243,103.11732990022132,6.461781914901258,kidney beans
20.789834703498475,63.61480219553757,22.79926766302663,20.977349326725864,63.55916149384146,109.89438997165979,6.082087447398034,kidney beans
19.55569163908152,64.21171531300442,27.135470584627136,23.297962066725503,74.87222851638673,86.069366668406,6.1202176273236,kidney beans
22.292090919396855,51.85604862553867,31.96536188895788,21.767783203436576,61.030010325287535,109.70754648593723,5.430697337128527,kidney beans
20.84895905613638,57.26630864649204,24.94035776602557,22.748115644127175,68.96266058482804,104.11327772489147,6.930236220549056,kidney beans
20.247908638519323,62.332964526950775,29.904473502120133,21.869392546977835,67.09107190355441,60.627254070515335,6.35863510578382,kidney beans
19.700928920422594,61.60777381454901,22.37461534419586,23.806302742767777,54.79165864483558,131.49164263059328,6.603942259575608,kidney beans
21.479209981900556,79.82291827691158,26.098622109331636,20.210063047915636,70.135403350946,83.63962712153884,6.410022901145761,kidney beans
24.79240386108318,69.17273372954294,19.19517926143162,22.4102363359999,64.38456170167355,92.57788922217067,5.3908074395152354,kidney beans
15.258003461558808,61.09427597363999,29.50221391437777,27.506309820773378,69.2839477427462,92.11741067088576,6.052636867928243,kidney beans
24.328747989471328,69.78756654545163,26.56366850549998,22.47618465106709,70.99646003859512,122.35944858014003,6.2033608404280995,kidney beans
20.63511910702001,68.93447050846956,23.151371173192956,17.614743967856135,67.46865334901099,92.66420919864063,6.660811089587104,kidney beans
20.729711120532414,76.67990894378883,21.56976446481899,24.26238162079283,56.841844860143254,109.3766583159884,6.116963933362143,kidney beans
23.749726490284424,62.206713753899265,27.72985972128494,23.005268466703292,66.91577513484275,104.42678985052432,6.7881525634224005,kidney beans
17.754806057708713,75.9466148723427,23.58352646358473,24.41389879604081,76.6986007424026,92.01678156200175,5.445388516848462,kidney beans
20.65490306892297,59.604821626065394,22.8940771821301,21.341472943086355,62.3310575139236,114.31003739739602,6.593887173508836,kidney beans
24.63641027377163,83.03465361217738,21.916914031700195,17.006437086649786,75.11774456277541,102.50472917872759,6.1805107869370435,kidney beans
12.788340943539964,54.45677446526217,27.76761198153577,21.71371485632879,54.235648115718945,90.59519586802735,6.567196077245897,kidney beans
25.114686045413805,66.67042574505878,36.335987908948965,24.0534497080274,74.05132555107004,113.33293647989925,6.490933407750254,kidney beans
14.643193140739022,52.517195736848215,22.03460139259822,22.51671425897057,65.00540483062672,103.74704446804336,6.193000735655538,kidney beans
21.911045617784048,72.70288059857816,25.031798770270363,21.424029970271015,51.893531220541334,108.72216772900543,5.929332093426085,kidney beans
16.36342939850452,71.76796156856298,28.67376863733095,23.359931582589237,69.76503710663448,89.05939145823118,6.119780874724475,kidney beans
17.7999624347699,78.49279769837804,28.45521382555672,21.512116915230337,69.20727715189659,103.74704570156165,6.158897042788771,kidney beans
21.867524782047692,71.63456360333295,24.431392789338904,19.49902145974083,66.77291304447778,97.35940000582906,5.799127080143442,kidney beans
16.92710821231921,63.05422626703639,25.10865935635113,23.123376706193373,63.937613733896164,104.49907062987916,6.069319869851003,kidney beans
22.182639254091583,68.14396146588254,27.2766830514887,24.87429183363831,63.58582193307746,84.06739784452387,6.172744586418135,kidney beans
23.23772569867658,65.19452501064484,26.272460852064373,18.55468412051868,60.829284572394755,105.3871721911332,6.472224865798161,kidney beans
16.998293346432643,67.86268527268572,22.15597363777702,19.69511039532492,65.35504352362055,102.17032400254097,6.338736107806582,kidney beans
22.920180038106924,78.08149544343581,28.794999011160275,21.278302631470783,69.69844407900355,85.32482469178599,6.235242349845902,kidney beans
24.213913776547326,70.29746314385989,28.31296328824541,25.82007875267348,61.2962879934739,107.94777168213518,6.167331828301794,kidney beans
24.458666743531847,65.91743184290267,28.12832551120481,25.093539016239514,68.1545774730172,97.90184160148044,6.071313050425704,kidney beans
17.223854810679413,73.09729103923209,30.249263831725425,21.511373016236583,55.95316045093529,93.66485847995695,6.351895880537717,kidney beans
16.21286992506856,49.723736429445225,23.22229270597907,17.919622246634802,66.62721098794678,95.98925517770286,6.221093521049006,kidney beans
25.18662662490081,57.91810104031602,16.408387568764894,21.94327518998344,67.344814717402,85.7045657656213,6.071039572976419,kidney beans
18.61121114706804,65.21699437374183,22.538018492917427,27.326925990209233,63.68776672474814,101.86524064887998,6.030336890310899,kidney beans
9.427574770131825,75.77104926794055,12.37280114179335,24.71363705719568,58.39286366853881,86.41078361273244,6.16188522906313,kidney beans
28.783612004914808,67.4929019756242,24.234965952358614,20.464534786621158,68.25361561667243,96.29909922697374,6.4498313474207105,kidney beans
12.146092352486445,69.12184714557556,26.271966431433505,19.2795523475125,59.83682625367612,98.52623801010891,6.029721764721698,kidney beans
21.1601047634902,53.809507121965446,21.461743170448432,26.228011846263897,60.78811606427942,95.73892845745785,6.138023389463452,kidney beans
18.886044544442004,74.4138154669183,22.711312160242294,23.70985857425918,60.722738228124,107.73078491756321,6.12507271153184,kidney beans
19.300952454782,64.30877194834,27.20098990093991,19.61307472710154,60.14774670268587,120.3722590252325,6.377272089993341,kidney beans
18.556473514398686,70.00829242200092,24.759450695454316,17.497189737859543,65.80664996801531,98.78125527181118,6.32219709032877,kidney beans
16.901090517914152,63.28047980115851,29.56850134796332,21.698310912809397,62.855183469708805,103.65053454025829,6.062041710030551,kidney beans
24.271440373105655,63.63885833931903,26.453483699270066,20.591746331771112,58.76101157851208,107.19308043402859,6.291697710154786,kidney beans
22.549752789321442,70.74611558634733,19.122955020292917,22.239570835686234,54.97090801931963,105.19360398201295,5.820029896378535,kidney beans
21.869226162472486,70.6624452013524,22.842136539437497,21.953905947012355,71.11158083707844,83.46102300425432,6.42527171015491,kidney beans
20.47350651783182,72.39553376511722,18.392435366343584,22.007073026298226,70.5209821350547,113.5916429721407,5.930761019673212,kidney beans
18.881855254054674,79.36301670726459,19.3207468575296,21.90850408729466,65.88712491712573,101.74929554025348,5.873013815404294,kidney beans
23.857881193040484,71.9305597920341,32.26455550946049,20.414064249033572,62.59152977558479,110.96593535870167,6.835365027320389,kidney beans
19.960103372945944,53.08139502765481,24.135677111202458,23.929428151717797,68.39050765686778,111.12945971850473,6.873724217510376,kidney beans
18.27472634822379,57.945378197045116,20.189168667584124,21.754435537970295,70.09539052681193,117.27181856018015,6.276569883764451,kidney beans
20.058928696202976,63.96349233544665,29.905550174007896,20.47598652406342,64.47535619599469,99.22608457542178,6.190493746245287,kidney beans
27.232871143598693,58.0426196853248,34.821090485602724,20.689392527083964,60.8975570357649,93.39130133998883,6.42705509086477,kidney beans
19.943674694688138,73.74552402895293,21.70533987716528,18.65356687215481,63.145328324269386,102.79773780088934,5.685585920995713,kidney beans
19.573951754934683,69.17753472650736,21.77336929001356,20.352038847080728,59.52412620273754,98.56546828111205,6.359714272285498,kidney beans
30.99022260274304,74.08865550928253,19.953175782244596,18.92640507120576,64.44860311333652,115.71987503729352,6.429998157967307,kidney beans
17.890709756257493,72.812791522798,30.5094077945807,24.923480836547643,59.66792795102219,104.37419556288332,5.751588377433687,kidney beans
16.778148788011194,55.026891615371504,23.95218972709561,19.127979058122005,68.87462350282112,99.87676018418182,5.897438285214359,kidney beans
21.941751815131013,76.93982143300374,26.38154107421524,20.83267952304349,63.58072801096159,98.95880337782984,5.954462967541045,kidney beans
13.153083994484625,62.047713584772325,29.97088348012166,20.34551957969131,55.348322641643655,99.11218114122096,6.585982515850372,kidney beans
13.110285823874047,66.48228830400377,26.64578268265234,23.07371274200572,67.7854761278926,106.08138183827555,5.645620748124668,kidney beans
22.464234428638928,75.74460538986534,24.113384253974722,22.74283949917224,59.927919865116706,113.02979869006592,5.9835667189687305,kidney beans
26.59793488979986,62.036448452569644,27.711061477987563,20.933163147701457,74.38876426111398,80.27865459895582,6.329261467137585,kidney beans
11.682212216307363,55.602744657362216,32.56797388616212,23.81604230490185,54.947295128768445,99.93969500178504,5.9831158777612155,kidney beans
22.279185746523098,79.43317688161056,27.615576089248435,22.86930513674192,67.54020600496209,89.07490060117775,6.445397199132936,kidney beans
23.68438351526874,60.22362152208442,22.430065208828058,24.899960913783122,66.0456158506298,88.6268203384235,6.051570221351386,kidney beans
18.16992682197233,64.4967933527881,24.709145368620494,21.501447221029398,73.36968160405907,108.32280777642175,6.719046497755958,kidney beans
13.221390092106343,65.86689315822812,29.699107093033433,23.450824029124938,61.6032607788375,92.44036069245122,6.5360065875439295,kidney beans
19.149942982719704,70.05675364185912,25.626458092244558,21.76472204753646,65.60239840598186,91.70397858875621,6.795414051998493,kidney beans
22.192719506945203,75.91483363929567,22.883212334352297,20.9189285143227,63.40378098682776,91.38409004637367,6.437353645993715,kidney beans
22.850026827271144,60.99755510679935,23.72134269510656,22.753204474939007,61.23705298851358,95.90671834321722,6.746170633633705,kidney beans
17.01369476781297,60.968786045129356,35.01892053241812,17.747256008609888,59.078127118608656,117.97302378731624,6.056658218144401,kidney beans
21.999319787271297,81.53332570576544,22.131852383166915,20.81698702452446,67.05393199756351,99.24177027213592,6.016275390451466,kidney beans
24.466705072020808,46.23435711114917,31.86289496820706,29.668988547939815,59.192743588238336,92.87377897000229,6.692074170298826,pigeon peas
22.847053466577314,52.966337812445374,29.726665235510882,30.9440231731892,59.75389783332795,93.9195870113409,6.4425482797935425,pigeon peas
23.464821980193193,48.63153629610985,26.323546782219914,29.720702369420042,57.15447493074721,95.87733865709042,6.333305717542156,pigeon peas
19.688343905575934,51.93263628547284,35.58775876406361,27.170836598826984,56.61813328104768,90.93516421441485,6.382877499325452,pigeon peas
25.91403770547902,52.283116407039884,29.60961033078231,27.018166215686655,61.7875049298952,97.95695937157744,6.574089490102182,pigeon peas
27.532510031615313,54.34495364889667,34.85178701547996,28.932384764458586,67.4391770156694,94.24274174372584,6.5952439691782905,pigeon peas
22.271275930367928,55.10314093623172,33.27211126974392,27.269005404582387,67.46087879060867,95.24389314558216,7.054111758602068,pigeon peas
20.80478742480053,53.17271071648442,28.01455964044297,30.021263247989793,63.21051489973439,94.27406476737154,6.340470750932951,pigeon peas
24.89265081357144,59.78226951490421,33.342963071414275,27.880765386093827,57.76461019000279,95.96963959885939,6.545245057506081,pigeon peas
26.0101558606774,52.00693458239737,36.961888690504864,26.742413772955324,67.56235522137099,108.23980447781747,6.831489635155604,pigeon peas
32.496253919500866,58.66852470236518,28.7332560320153,26.953856757784468,56.64461598105104,102.95477997333869,5.9817891029803425,pigeon peas
19.310577608165154,65.11434521003724,34.05152518238526,28.82866178108691,64.61674819445587,102.35578398713396,6.434595644146231,pigeon peas
19.12545193670542,63.468393528003226,31.784782263662976,25.247566107275958,60.71148136328369,90.54714527905223,6.4596237787735555,pigeon peas
23.688117112513286,58.637976825531446,29.166339823300852,25.69009277129184,63.36504738028697,99.6151058197426,6.000977005500478,pigeon peas
26.636519741996086,60.85833384958726,29.390005815963733,28.37535760434664,56.17835080522363,78.37431616908226,6.682640742929356,pigeon peas
24.648456346673044,57.835377492711366,29.06088390408214,27.479287122755228,60.81147585769859,94.39844895543932,6.803197703374447,pigeon peas
23.304442553426167,45.46697718008852,30.576452022734788,25.393593436519,47.33012694527767,84.58059150538217,6.346494023715686,pigeon peas
21.816220962102754,44.85798438489472,29.101418600457034,30.432931714941166,64.14708823851511,95.07824160238353,6.822392004356094,pigeon peas
23.238426653123877,49.17882047588965,32.713839571353176,25.83284406963882,61.670056966775135,94.75612033077213,6.373038423918865,pigeon peas
23.167761165379048,62.505644855970566,23.642543018116665,28.537994812660543,58.55715444406382,87.95649889191041,6.513630265702686,pigeon peas
26.263213249506745,54.60436650474385,30.980151158047114,30.829681212218617,56.99551606827912,98.97052204452794,5.891490845349983,pigeon peas
26.82781653229704,42.67819323570633,32.525447728718305,27.049650440748827,60.82065304025248,81.17289794055054,6.508408091616724,pigeon peas
28.29605208398073,59.09099421593298,29.930999682985764,27.987054803358507,65.72718799917605,101.99190803724566,6.281333291742098,pigeon peas
22.680680582173203,50.51288270631741,29.857403368449862,25.678662869751527,49.20814089712852,92.92608126082793,6.5885086970528235,pigeon peas
25.745701051851366,62.1609356904717,24.829985575985486,26.973688073374284,52.78787024599771,97.3353821696511,6.463395976265426,pigeon peas
23.076703675780927,55.273517182188094,27.17244963214265,25.955942290441442,67.90253933684306,102.69828158320085,6.435542745686496,pigeon peas
18.834228186889522,53.585658907389785,32.29700468277701,28.3397684645135,65.04571564353762,106.65534358720383,6.470408099455743,pigeon peas
23.12766340057267,51.737004751910376,28.346103224060094,29.80909927179077,57.87925775683467,79.03260399476234,6.662738195338737,pigeon peas
24.604271391879074,51.91655260681303,22.14596883772578,30.340105020466023,63.481752904334954,84.19961956375907,6.553120757641073,pigeon peas
20.665072977480534,46.02002000570743,21.605182138099636,29.558668431534866,64.39958120002663,92.05652028681932,6.479055799048271,pigeon peas
32.019739271568945,50.014388757736484,25.260988595559283,28.25508832237074,62.74749700229435,92.17959449333593,6.000870129805693,pigeon peas
21.931150691339674,59.52103779756429,32.85901112484319,24.65862052662387,53.886968174352205,85.64106945353214,6.49109361374791,pigeon peas
33.8272731749554,53.11357709121009,30.248420171510144,26.40570953294165,72.9265746031829,89.28173570667437,6.320888084616006,pigeon peas
25.624873454611627,46.25919540148246,33.235057852357535,27.98334006749638,55.786398277260304,89.33982216105888,5.83708745820294,pigeon peas
22.77778062503648,39.98748288451547,28.19814511455993,27.008852220501094,57.05509809864913,89.46291151068311,6.205307337352704,pigeon peas
29.93612752051076,64.49892774250036,29.32175859591886,30.28734546824854,58.467504105977696,92.12689022776439,6.209927085681723,pigeon peas
27.78986932376252,59.07921958279381,24.83811244089524,28.31995620075431,57.414877953963924,86.43174685308239,6.491006011539837,pigeon peas
17.324642337985246,52.1359979456765,37.558064049245715,28.871346656162764,54.32211633968714,100.25702299733035,6.531015441704629,pigeon peas
23.716755413751518,51.133935599387115,30.00275466472873,26.815205215465983,59.13400972880029,102.02526868265073,6.785500007354268,pigeon peas
19.814146066262293,51.90862644556693,36.427640118589,31.593088355578978,61.84883853301511,110.29095381147049,6.92286518720184,pigeon peas
24.47204562619804,41.82445416449787,29.755316033165084,25.43562654177888,60.68187352666047,111.58886588839474,6.587046708812709,pigeon peas
21.8593354621741,47.28239654154794,22.148187657086,24.187952379829476,68.13383292031398,103.13159957521064,6.4541365731071645,pigeon peas
24.38812843099486,54.65699907932226,29.953075880314447,30.784233406326727,61.95061748768494,76.16683296074149,6.871232527757517,pigeon peas
17.280737113260457,52.319122115837025,24.45575278723534,28.08071759223547,53.71430389643848,81.91100527883079,6.133714204957156,pigeon peas
28.255247523257204,53.77421403021637,32.66875716629698,30.720598655848363,61.19171958711189,100.41597658426666,6.160679843671633,pigeon peas
24.661755867351125,47.417627928816216,32.21528011243397,29.81244051283747,64.82917657332914,94.73179850857811,6.813409077554647,pigeon peas
24.418673198779043,51.294253301046176,32.00822065255932,29.451917290407017,71.01830972334224,101.92674554698861,6.114672211823447,pigeon peas
21.087542003710386,46.40872772881861,30.30949429681041,25.800630347305837,66.8116412063569,92.23067699516533,6.724614008493121,pigeon peas
25.606776047976332,57.26921572249716,25.85396255895177,27.933022818293274,57.86316099545369,94.0377929392552,6.543641111431819,pigeon peas
27.725893851178537,51.92732228722486,33.294420565663245,28.65846739153422,68.19382856300528,63.530340400730566,6.275062136083177,pigeon peas
30.034306484819723,38.359768188236536,35.93854403135252,28.1644137633932,49.78885175751438,101.89311227479982,6.131599250119322,pigeon peas
21.34875994699949,64.66666447840751,28.452407367871785,26.0812911183106,70.03980560246464,103.82621216077965,6.382900893815741,pigeon peas
21.842070800824263,53.65386485838884,36.309168738754636,26.034987391410986,53.630609037873086,107.10822530112577,6.40125724334541,pigeon peas
25.401826009990003,58.46419825222499,28.439704303817162,23.15183702717327,58.93915581002072,106.78993839680209,7.260356787897004,pigeon peas
24.52852236800071,54.8107771072242,35.46186269942101,29.191403943885653,61.47708258021986,76.19824917121841,6.3542773697453345,pigeon peas
25.859010909470996,45.007320437588966,28.53580751233286,31.417029227500592,58.714250160815446,81.37357349907143,5.839514505962942,pigeon peas
24.954849752248762,51.18702561011037,26.525932368953665,28.455019138323568,61.42402577602561,96.65851254165493,6.622671563123149,pigeon peas
20.084020369249703,50.772687439008415,28.69535637735937,27.892353669558148,64.94786724387933,88.08217188637977,6.227850289868804,pigeon peas
30.94953677211578,56.04577041915713,24.40783583209863,27.37805612055173,53.81905366095356,84.19884153040567,6.03300813794497,pigeon peas
21.816095079664503,68.59413190151666,34.041922749736415,30.763341228985603,65.43805514789712,93.7186312113362,6.641203366919782,pigeon peas
25.411279621258757,47.95070945357678,25.35027349481032,29.800700395414722,53.90802848887188,96.90880609060144,6.728235802188162,pigeon peas
28.010945918710934,57.43714831525236,25.197090595199104,29.080794528427827,59.308676998656374,85.71326333322419,5.803936166845039,pigeon peas
26.804830796280257,44.75387174613265,23.170686789746057,31.495833171968858,53.99314138341115,91.01020963699213,6.525127839470634,pigeon peas
25.280876029048493,48.27256863148441,27.166698044564527,29.611306959237776,58.60607779256638,94.78010426292313,5.743089078106083,pigeon peas
22.70521194667376,60.65892104035174,27.083189220755855,26.096939726217045,61.87451737600773,100.68725224880541,6.616809086821153,pigeon peas
22.73453704161026,59.947527785474904,36.51587719144129,30.339930781996,52.18333504487741,122.83020219924393,6.036039151742517,pigeon peas
20.096337383389393,57.009005014759836,29.62255920237958,28.7227006994986,66.558210545643,103.83986840994464,6.187282658626098,pigeon peas
25.28826916406903,61.67397413150062,34.211647649005656,30.248907782209614,64.08725023823253,101.72507010800396,6.320269569801538,pigeon peas
19.727289069566716,57.787804411195516,28.183886222644183,30.4890282127104,55.637200564848555,91.37870564796522,6.350165373997935,pigeon peas
28.86789652306247,59.959537293710405,30.091282373367207,28.584036860070487,68.0738146317619,78.25470301561971,6.761812831418095,pigeon peas
29.319902927244023,63.01420988391652,33.21000273237604,26.452172625987796,57.30479914676941,101.29069821798721,6.293745686705965,pigeon peas
24.206632126105546,45.06535418617448,25.23021804823138,28.6933167253991,57.86999037690702,87.79188246389383,6.434267729104037,pigeon peas
26.205563680918708,53.27575713350497,30.690313806627625,28.176960195522874,58.74248840960736,94.89216434487926,6.189456551000524,pigeon peas
22.993621907986203,42.87532538825326,25.334282762488936,25.6258975217339,58.00558203209221,105.73806895273806,6.496838544349412,pigeon peas
25.60186380233286,48.77986998269928,31.148446260087006,31.391552571070775,59.56379459966603,87.16502723519008,6.091943850212495,pigeon peas
26.051613926042545,48.78736831480788,32.85355034892422,25.97536594509077,51.719413033383326,99.55955073026485,6.047203925622494,pigeon peas
27.424538352043722,61.84702437555157,27.628748267558844,28.41660951719416,66.9607903870223,90.58411377421636,7.05945887788892,pigeon peas
23.685770510513652,48.81111790628143,30.39017672740354,28.45025392596822,65.67182022983266,103.4209386734689,6.629333322186311,pigeon peas
27.62473505834894,56.193802336859,33.16842323992788,26.962586035722353,54.59367290768783,96.9812921359918,7.441204853958403,pigeon peas
28.23072106568737,50.37989479285072,35.57564425051233,24.27102464378574,58.740510281202965,98.77551223051064,6.264367023529707,pigeon peas
22.62325350556231,53.87800660516231,27.82999328241655,26.431704823240796,54.578894225195725,80.17945843936636,6.161755951437971,pigeon peas
24.59379676249815,61.642050010879906,27.34641493846707,25.576613157300386,68.02723347958174,84.13905472938477,6.533107298757788,pigeon peas
21.254484477182597,50.255107547986015,31.54626019439727,28.922314848210075,66.3550591006296,101.35323476690043,6.5539112439484875,pigeon peas
27.498288748053536,48.20040004167,34.842078479806666,29.065331743372386,62.448960825369205,100.68582375761807,5.982100897666342,pigeon peas
20.464274944045943,55.873071621823485,30.579747270793042,29.15007753117348,60.53288638318753,93.24713148497601,6.940224758096684,pigeon peas
26.39828127607014,59.927957089635875,34.780829210546074,30.527921274764616,61.588446392165665,101.89489253841126,6.593101386998549,pigeon peas
29.290093277094925,70.0521197056905,25.8204222197811,26.49453103727416,67.91842147275683,96.76823668772506,6.3495339217444915,pigeon peas
22.22349642844613,61.18703488657996,32.24144635496529,32.01549405628464,59.54402019710679,103.56499712490425,7.078861439588184,pigeon peas
19.264334672139398,48.04762002389757,31.085692930187665,26.854867542357564,57.89258573669193,88.72124044096397,6.44822717915767,pigeon peas
21.38390030058557,46.55369135038565,31.5407094458464,28.249647705532706,64.89435299645359,99.9585154875917,6.648383635470929,pigeon peas
28.0115638096995,48.96194085881494,28.00618702160169,28.549727215167046,64.67438428322679,101.1422714310209,6.4258078061330846,pigeon peas
24.254847210454926,56.64908959378765,25.374462751882668,29.69712287430216,63.861457071605116,103.82589723324888,6.8477020428003055,pigeon peas
28.991548077380056,42.565222867497596,30.901099913062485,25.14027262891592,55.23651398807742,93.73833799338848,6.914066661018874,pigeon peas
26.32461568581429,56.52747044172871,37.14249139773618,28.482044967304205,55.25138850715438,81.75817305474683,6.194474297587771,pigeon peas
25.447591451350196,44.831726469032006,31.75296421903512,28.617788226065645,56.399916212506525,95.98923511603958,6.680769532611081,pigeon peas
22.47224448869703,59.83650436425884,27.133135384584932,29.17503431205961,67.28819389973471,98.05947655342925,6.054285931261969,pigeon peas
25.354848338977693,55.534977731831084,26.5551527996014,25.48101314069817,58.09186773887374,103.24937660832695,6.7862600955782195,pigeon peas
29.799554041556938,54.70398792591081,37.85846121260928,26.30769581146492,62.204069344333405,92.70477432017304,7.021991406215388,pigeon peas
25.12900864853727,48.18824286592425,30.96737270335965,25.756004653066096,55.638760754010455,103.80044294400079,6.492890857733391,pigeon peas
28.422366541669888,49.23391866478137,35.18714396230796,27.649357005565985,50.21315859407855,86.49075111813526,6.010890665976864,pigeon peas
19.14473852591605,58.36926639022245,31.462633005139747,29.18162110814071,56.313577193859956,100.051232796232,5.986174042870292,pigeon peas
23.068442412616143,53.95219041239936,27.718736202380814,28.200920159603267,59.886297621683475,99.47561527527934,6.6062320265904875,pigeon peas
28.821125874931482,51.83039915414105,32.606063401234174,28.55495608042466,61.21544664683358,96.27032609795884,5.745232285772509,pigeon peas
32.66993354332097,48.958911202405616,26.814210951166434,27.355402855624426,53.44998536187728,111.58589845786344,6.283104783614666,pigeon peas
22.264738733485498,49.52412468385866,31.748156783700914,30.791681523748494,61.363751369112315,87.64519496638738,6.962973244735745,pigeon peas
26.134257250624575,50.23203994096463,29.711933585544138,28.26267697557626,61.185379756029384,95.01536056038556,6.5083708694546,pigeon peas
32.45122702146983,73.70247582597759,30.69205832647192,26.165575191888667,54.748847105254924,102.72474232246185,5.9315776841020975,pigeon peas
24.272777959376665,57.60663298823996,30.726689385705424,27.19068514804846,69.18885321164767,102.56441451265873,6.335205020150024,pigeon peas
28.133034341219712,53.78593810063424,27.934964539933443,27.184835008932534,65.91260332951339,89.68901409041632,6.4750431585853025,pigeon peas
29.080179255270686,57.00712830310372,30.96163189727873,26.669381232420147,71.65426298771438,102.77381101650684,5.671007506693596,pigeon peas
30.216736719212296,46.51194452435315,24.51185799196363,26.604129912747105,66.28928450556376,92.4120218790352,6.573717453520905,pigeon peas
18.31996947360379,62.09828889432383,28.931055750679697,25.421420784576547,61.6240977897896,99.65378470169203,6.529758013734321,pigeon peas
30.16569114861281,58.85195716119807,36.00888072225695,27.890425088517116,60.54778281986594,103.20969746912229,6.905527182936661,pigeon peas
23.66758775465642,67.44653046162199,30.461417282726647,28.009674717509018,62.2092026388813,86.8707138698698,5.923898870239334,pigeon peas
33.22305883646776,62.02410973299209,26.304195029576633,28.27419404868869,63.117630480396485,90.36436798487057,7.0015930284285774,pigeon peas
23.02194926763436,61.5498278740427,27.47828119213815,29.01434547835575,67.74930250286778,99.50706828538969,6.329171409687923,pigeon peas
25.886666240044338,59.78404891283468,28.287788496233954,27.21014988014991,68.81004148550238,108.27110498822934,6.26785830050744,pigeon peas
19.726751909943726,46.52941635355874,25.54085893080289,27.432087112738486,59.621412470049236,81.85430808861149,6.554109379702748,pigeon peas
13.38716251156983,55.922879502162345,36.43129688561599,25.56978102408429,45.60160729239472,96.58221737390504,6.745235995702435,pigeon peas
23.3663319622087,56.50964109143875,35.16428468517268,31.378736701835624,62.990078890037566,83.25799418514862,6.55929556786713,pigeon peas
20.99885115192358,44.91598713707345,24.034427503561147,29.858090664099073,57.65578768942488,58.178643497446764,6.4816660347715676,moth beans
26.51817734552076,48.70498376725875,25.204196641486796,29.450277572732524,47.838009379055286,55.289483538101386,6.8233629948258825,moth beans
22.19286490865062,43.8063823601988,19.576793325896034,31.493547915240168,46.08819943968865,67.01674853085763,7.133437920995762,moth beans
31.02308841178066,37.632869209449275,30.644820416389845,30.766859991030085,53.094524017972276,67.11802287424582,7.336414925216036,moth beans
25.246359810083277,47.45470401841268,24.63325671854673,32.45527830516353,45.54112622426445,63.236403337868886,7.538788924256218,moth beans
33.02581058471912,50.76768871919668,30.845423347573885,32.04721494669405,55.26906425765303,75.56031572845049,6.981011148355429,moth beans
18.649023276049192,44.080315931969075,25.74392189092831,29.35214221812683,44.01071643333575,56.056132191223355,6.56949713903341,moth beans
28.65065098675845,54.20525571080619,27.70152047124598,28.21082087355408,51.035372365884974,53.13373506266664,7.097908624418689,moth beans
21.707437584106515,50.30738513287518,27.809296651898393,30.35880010961863,52.522335755053916,60.50559059635513,7.604600137137316,moth beans
17.393713710345367,47.2296215915618,29.97202627658432,30.26641896155431,47.50454994708358,61.418406097817176,6.678092745056581,moth beans
22.853662125882135,39.46938276375603,24.289887771580265,26.816048751558597,46.98612789531768,64.46765993147423,6.867510490796967,moth beans
23.35241143855537,49.854416184705485,31.31117835911546,29.5255423234344,56.02472685501516,45.996077185026145,6.703961118743474,moth beans
27.143181443174957,46.391445660452845,25.476438117203674,32.72971356118622,48.9864006939725,66.1000362080862,6.8288568946631205,moth beans
22.4900449813984,34.87552031170543,27.70543737449694,29.264364232289804,55.037655765099196,68.07748547511429,6.922233447311842,moth beans
25.34900594858496,46.06820936284714,24.179828960964596,28.082802950018564,57.22872282122972,55.45743784547962,7.1853144238427715,moth beans
26.165435985762546,46.564165380415176,25.875744253852655,32.82416591330359,45.646349174654205,67.9365781244603,7.058051816096828,moth beans
25.15691431012996,42.75848163558186,24.81837593261437,32.158317883561956,44.14024750860756,46.23536823795361,6.903829920586895,moth beans
27.808370600213973,43.38516210281271,30.484733394575283,33.592050748403416,57.01255781835696,71.61832322138892,7.092242700788131,moth beans
27.26778361757464,41.316684975475184,14.257977268324497,31.81078311549045,46.14131581173608,58.39063587082221,6.130107042164147,moth beans
28.59015407098976,43.910554365400564,22.63700372465158,28.690155033000753,45.9369687459107,53.22480271963564,6.6601365055298665,moth beans
19.347864482739354,43.867046717924126,23.647444051597823,32.718759853882894,41.24248566107345,56.43345213968339,6.6880270898059555,moth beans
26.36365583396006,44.71713353258737,28.396092847975332,34.67636114615726,50.005332833680896,64.23996509626693,6.7376300517254295,moth beans
24.492679180416836,45.134228903672685,33.555443612571196,28.72087904273938,49.32972447042131,60.15560841283848,6.735984527535651,moth beans
26.40977553617906,45.07653780088843,25.478120128068873,29.55564855417705,53.67294393024731,52.556381885649806,6.869748816845493,moth beans
28.389426077514,52.54858552696347,21.999077523330662,32.24569023641196,49.57332873762256,68.35189797475613,7.03901141833019,moth beans
31.788213755669783,53.276103630063325,21.107035832684886,30.34642649879745,46.2474935263379,59.353478467125456,6.363959382525195,moth beans
18.305263625497744,50.506930104211335,26.362959851471654,32.506966779168906,45.47659532743773,51.59122147143191,6.93225222951733,moth beans
30.53136073256549,45.407201247063654,25.731962840644808,33.355552598417816,51.898373952069385,61.455750533954486,7.149588448168291,moth beans
24.23725487598512,53.496289446241576,24.582556118451347,29.558956397873963,53.40802329920048,67.57338984412151,6.834886198707101,moth beans
27.89593128044942,50.81330069581199,11.593100210190876,27.55064940901108,52.00253318091149,52.55553811167796,7.590251170815105,moth beans
26.296245832646324,44.4513313850774,25.247060534396965,30.240246063006822,46.79056407520838,60.974665052458285,7.351022207675704,moth beans
18.811713558634537,46.30023950969708,23.201545821097483,31.172173732501957,46.24105044567856,61.15073064394511,6.624740336434192,moth beans
24.918838267985862,43.59436479704648,18.338970457782068,31.836538523239344,35.94071356309678,56.99451574227836,6.4782944898741235,moth beans
26.02803366944172,43.185332515946484,28.267844313368762,30.59578654940773,48.93515207605877,68.96479796877293,6.837312984006878,moth beans
24.881234999956884,52.70180028315128,27.64762241597752,34.96577010675645,52.29531105807343,55.762857766606,7.375917588850577,moth beans
28.68935089560469,43.52514702688467,27.160420791713868,30.83516001679485,52.49036877150824,60.26088897378322,6.954531717323075,moth beans
31.75509991290702,47.46360654282373,19.677902626060327,31.416830709946105,48.504184885355635,62.50414185289003,7.083974720964344,moth beans
26.46499819197801,35.82861458498461,18.72836131127034,33.80118166452324,49.866797871734796,70.70480582711589,7.184662037907988,moth beans
22.867606495090854,35.88196795456511,27.04779107711995,32.03459788607853,58.755900731865616,58.37985911884138,7.026646087519302,moth beans
17.767726600139863,41.722914494505716,25.98377912025556,30.29840715412052,45.630224014308084,71.34202515244941,7.5609381178416895,moth beans
20.72740400652314,45.53419135015159,23.286024418360483,33.96963787960162,51.187271614376215,64.77825566956146,6.672737774210456,moth beans
30.309992983114572,43.38565694863598,32.4516919586867,33.18491120979335,46.745203551880984,64.21535221599434,7.085197467213239,moth beans
24.114802848098897,49.04931391096817,24.898111161544474,31.056261617042757,46.84229239341639,54.044731935583116,7.0268133062034135,moth beans
25.71470916772165,50.809722283439555,19.581719160706445,31.224969894640104,57.96940974925977,54.575715534148884,6.634791538394936,moth beans
21.29368175220413,49.27391607070551,19.935346929734514,31.038998593156943,46.65404956404853,55.39620037103736,6.892796653923351,moth beans
23.501765800817207,43.01516451721067,24.784145916523737,31.537898784210494,47.73244901673458,63.76485032142395,6.832138175789256,moth beans
23.183625668569142,45.22603745080942,18.135080593483316,29.35806345807895,46.660052783174315,51.81755081797813,6.918950992453022,moth beans
22.067044519052715,40.07946902924098,29.064028939774637,35.1649247762563,54.9696810924117,62.38487121705283,7.393394327746703,moth beans
26.25672974799068,43.592279859564975,25.446056042869895,30.32826865404614,38.97591557502439,53.26902715103017,6.709847651493713,moth beans
26.934380782827883,42.40246696786869,17.80099476191455,30.942834488667753,51.43342432773045,66.15440229619557,7.127504783651182,moth beans
34.5623630492183,40.316042287136256,30.268679141210924,32.842045526905316,46.82311908858304,58.9752721377723,6.738853491483168,moth beans
24.50435502901309,42.60747288969927,23.2205037158891,30.98951343142211,44.82097841520263,68.99631095924401,7.30734038141813,moth beans
22.218894047302452,49.65851318612587,20.794397264043155,27.43196786207963,51.57447326539838,64.37235413866952,6.741229210719849,moth beans
27.104764508136782,55.586617163798806,37.04950773302178,29.254114890054947,51.633255518077284,50.171453216019245,7.9910198459863215,moth beans
23.256657458535834,49.64395118279747,25.377835061164703,28.885876203987156,48.96582190564011,49.17095446537483,6.776019646861848,moth beans
23.927537638854528,46.214704409834845,15.913082081008799,30.868784170257552,62.76498110786027,52.386132100470185,7.114048415085753,moth beans
23.307384000809076,29.760026980705078,21.018332928816896,29.63303617155691,54.234938289128365,59.71936098905534,6.922892634527966,moth beans
27.692897955102836,45.69734441663567,24.340254191742094,32.33643678872205,43.11879508404553,58.350069688387926,7.438664263243633,moth beans
16.439481672746695,40.73047811832727,25.625261191880615,31.458253321669687,48.31836608774308,63.43936385734777,6.689707561564733,moth beans
28.917799887899047,46.05135665765161,32.26073919081065,32.69319321511292,52.75795685051535,71.32879193567616,6.718868670785139,moth beans
23.827091456554143,35.548973479382724,28.48194890407978,34.308333006024114,47.572563073047064,50.262838312068716,7.393692932072053,moth beans
22.050775479638684,42.27610673640909,31.158023154568287,30.28252200526887,49.06776777564247,72.89481532130762,7.2068082176926955,moth beans
20.743872539800414,53.12861208403507,18.034579266980405,33.01497527264275,52.45091095160779,55.81283072753552,6.727385597724585,moth beans
20.55038820070111,54.33660060566505,25.49773211027021,29.738756349098203,52.869580750608904,69.6368890226362,7.111596833895626,moth beans
27.787934434879993,50.15166168970359,25.235003937486027,31.633181034737966,49.42312364485079,52.0612138601748,6.556544212597139,moth beans
26.802480183559517,41.17462588405434,24.91577345864094,30.504565731627174,54.851420229177585,62.239706749338936,7.107264730693364,moth beans
23.85393678687896,44.25477086803588,23.640389595835885,31.499204594830694,41.37952492856345,59.84199739180196,7.128644847662688,moth beans
26.573047085976782,39.18154601032945,23.315572909086946,30.238450068306772,47.30014131781932,50.26507520418843,6.6197487126443,moth beans
25.036377974698897,47.081608919215405,25.591972296683185,29.257034129636445,51.924917344457214,58.409661112961224,6.826565120363968,moth beans
21.29885959760607,42.249479574446895,27.867904139801105,30.632054554739216,49.38430323950899,51.99178143165453,7.976647590865638,moth beans
15.94020161264066,34.0492629752413,22.90063922007289,31.398827625135773,58.867663057243796,64.1102360809517,7.105287831041808,moth beans
28.678571987875927,45.513423355634615,17.179617252526157,31.509682081654766,51.08649938228845,77.35726133560992,6.747663508253815,moth beans
30.02950256501125,37.65502268119409,31.13112970678169,31.26518247132875,54.184933002205796,65.63049603758118,7.23723282471026,moth beans
25.390178753102838,41.45770078671133,24.361230905469164,29.469136598574934,49.436511664113866,47.12910816688737,7.060282776005424,moth beans
28.90913448661524,51.490299170724064,30.255264930794727,31.30495068587718,49.22923645711222,57.95806677550563,7.137325773452048,moth beans
27.868427267727284,46.82596363632103,19.61833435969598,33.756105897262856,52.38740782723641,67.9254899431662,7.018173722346963,moth beans
23.956026032831335,55.46275549977399,20.72066856112326,27.62372167358123,59.97898372993212,61.9231518544843,6.850070694259033,moth beans
22.659856997278286,34.16716586878771,32.46908372127516,32.41126046599864,52.54995390278864,66.59738151705268,6.679867220365929,moth beans
26.833577190712035,50.86285342751612,16.180305333410246,32.191928125224685,53.73538078586415,60.81187699103117,6.690051627249564,moth beans
24.337752611809115,42.52579481855324,26.451369315981186,29.935814350394867,53.82210068037117,55.85330233412269,6.818054653329105,moth beans
29.67413410202017,44.132028640453484,27.1264624407138,28.40517918938793,57.604386819304736,48.38261738111436,7.033926719352565,moth beans
24.101811801920555,40.879487963669604,23.90244284888972,33.47024410302038,58.69472997557857,58.10686228897961,6.874887083114354,moth beans
17.488259104251128,54.261633255516,20.735705881697434,29.180169718119224,50.52405283848193,65.87244770470397,7.533141371957641,moth beans
33.69843900025247,49.07071434523079,23.079364842097927,29.686394817680913,49.10749797232681,66.43558010340588,7.334211820429117,moth beans
27.46770744261393,34.769971918323435,22.735337629683425,33.913376902379966,47.33456595319704,59.357311456888,7.954379582810609,moth beans
24.704267131663347,52.68653672438395,32.354844623283604,32.51635034202975,47.82546090990789,41.759784894977095,6.699372111966537,moth beans
27.573258914971614,48.19658864379902,29.689082827628326,28.78827569217249,50.99723701692546,43.59912714541042,6.691016999052456,moth beans
27.117214315662366,33.21588056366943,28.266823713896038,34.661287177163814,42.819563163841345,57.92903572324073,7.6014653791723035,moth beans
27.002543963871478,47.1456146824713,25.43003158215853,28.2563913719427,49.3158205832852,70.29333017907756,7.030441462239565,moth beans
27.8867746478546,43.04657292101936,21.514241051997537,30.137564432398243,44.734835510905974,49.101532897065205,6.99303533684927,moth beans
24.084896012020984,39.92187016314128,27.784276780518027,29.136826535342973,52.12793827617096,63.987038295688535,7.583085610028635,moth beans
26.368208875730094,49.26378775222987,25.29883856720064,28.185626512144783,54.2786131396317,73.4351037579513,6.956501830789034,moth beans
33.375106596747344,49.98885360506361,33.00392244372148,30.63762049227246,45.5766458628919,60.44781948659372,6.745816770971354,moth beans
25.79382334336005,43.69516289985303,25.65804746564646,30.819909192359674,45.128730177157216,55.76475078895254,7.444193774073968,moth beans
24.745987274972016,37.759537973369355,16.932790410473384,30.355149249762086,51.39399678055845,50.55825220840547,6.374436514417271,moth beans
27.243269754660616,62.2482103938747,28.487987669805513,29.006779272009098,49.41172008567924,59.04922315926373,6.5548785025776075,moth beans
19.38340897893222,44.2290585737848,28.160653724860218,31.505755985538727,46.5835097250362,64.07535436215166,7.182440506640823,moth beans
21.06928507046209,38.423734886807736,27.580706724162166,33.27243735527433,52.027058826353745,69.43384595360254,7.513448453862188,moth beans
18.886609792109063,47.584568219132066,30.263850378324396,33.267153261867335,57.13609998437899,55.29936644381339,7.238605410422674,moth beans
28.105123564644405,41.76987688456055,25.76273288148495,28.336566504639798,45.755796729486754,62.62055731025381,7.367995479487902,moth beans
24.99682704878328,53.28416378271431,30.957296774325144,29.034338184171155,49.493115651674046,55.972408948865294,7.2881382473624345,moth beans
27.872611488874668,40.71397997699001,28.696346130688806,28.358673446408414,55.889244285840306,40.48662260006588,6.93730859775769,moth beans
22.16831949413114,48.65001554919783,26.01020028091477,26.616937768509313,43.272975148229825,55.3028076980373,7.414322038623061,moth beans
31.525051813684613,48.682835574381436,30.691799597254658,29.49378459487829,52.08302917723595,61.015850707619485,6.622066539115842,moth beans
23.598431731837,43.073019143001694,26.824346837263896,31.99078557980622,47.25780925844874,55.74498560746301,6.334780956614833,moth beans
27.021256209607582,44.44158029030185,24.88403813362146,32.09160995612999,47.52313142655884,52.289351809688334,6.789284310661267,moth beans
23.62534854173257,46.17523917894927,22.576636580318706,30.118473479676073,43.35204986171223,56.73930151854218,6.388529722807631,moth beans
22.35692592791707,47.915807447701965,25.685593905079152,30.687613948439456,48.8771885139259,67.20223908134581,6.587548953735265,moth beans
26.76897090081894,41.13108376510494,26.112958906852747,30.695822118815933,47.283867003894684,62.49849978140479,6.773823637219279,moth beans
20.148253165205332,42.391694327986265,19.981194769059705,31.29033411693956,46.96049421351201,49.88899063505215,7.127498899803203,moth beans
26.607240483873518,44.00351668748647,23.830887842341433,32.82659038535554,48.64416154440801,62.06452483432461,6.602752575065916,moth beans
27.230343082409664,44.22813015930743,27.07294998896498,30.453755071112113,46.23513615600742,50.38391355249155,6.927793140986274,moth beans
23.16240746809396,37.99511490255938,30.003588760981458,33.05125610785244,39.826868860017875,42.88815241978907,6.46813824956246,moth beans
25.626141423683038,59.470425660421434,20.272655112184058,30.365527822958555,56.6645742748471,56.037399988411536,7.390557037353263,moth beans
28.736531313226266,44.84224800182919,28.528250331735897,32.87183007295829,42.985570752037574,58.60326662196102,6.77980675779967,moth beans
25.118604276827224,38.44595775953358,21.01416037872718,31.11155075172635,49.96344735457266,71.08466336344587,7.073647585317405,moth beans
30.72940056044761,52.07593935217106,29.551387674825243,23.930347445241672,46.13503842607301,63.70763832016063,6.536885376528385,moth beans
22.888456213045067,48.61032443610053,25.190149867276197,30.302251741001175,58.66233966287386,56.62309709906664,7.388965476235657,moth beans
24.801275162205968,45.535446122592255,23.565868994987802,29.318791587083915,48.891936705825735,49.074569524225964,7.213896776727849,moth beans
25.452284759395063,42.62351103352435,28.177694746816957,28.915543035057496,40.1619072709572,63.37144742930491,6.517895001410385,moth beans
19.418785610573565,45.879999216435834,28.86522175503031,28.44286152288385,55.53898743487269,87.05010041866032,6.305627810787206,mung bean
28.391743171382547,47.321210008353646,22.097031729490062,29.727193498951475,55.700186852907265,69.67109946110011,6.746523555877404,mung bean
22.172340554642588,36.10309082531609,27.849428725590244,28.791352836421684,63.98302771304776,73.76825952854222,7.784475852669057,mung bean
27.232347304710512,37.729720561470245,19.511378410710115,28.20724394341764,57.857119190572995,61.77929671276255,6.405895673512138,mung bean
25.060507170605895,36.55951069608051,24.600170944696757,30.465991103845745,54.97560631401624,79.83166483579312,6.82977246895437,mung bean
29.37334148301691,48.58943372183188,24.149493625271962,29.68494802761761,62.30907766749066,78.02207772844756,6.207520612330049,mung bean
28.706157661888582,41.970767342408294,29.536134510252673,30.35827380103574,56.75205932550026,74.99822672862568,7.304167146859981,mung bean
22.001719843658996,35.76824144071742,23.97726310211297,32.51876935516624,67.94081525274494,83.26188714632308,6.057911864710766,mung bean
24.0514933941705,42.41842046304943,24.29419514366504,27.810114710885724,58.624855845059066,65.5272036142703,7.612033994208724,mung bean
25.239701404344036,42.20542475273782,20.041934696253943,31.915770732657485,62.91743779745762,84.29583260780645,6.921320098010016,mung bean
23.126049679272185,41.06929540557636,21.942527868305937,29.189839922222752,63.42651433123754,70.5871029466035,6.899492753333467,mung bean
28.01175374459709,42.54800172677208,28.913959340017872,30.840557192121423,61.915764205833554,74.7924249858711,6.8606978683659054,mung bean
21.558358264040038,40.472246196754206,26.001026004854445,31.788761181754786,58.84760745442099,79.01715719902755,6.719191923610694,mung bean
21.86873813976796,45.067493507893936,26.537061064089112,28.62248106864731,57.030053051949224,71.03865862806425,6.864063614796931,mung bean
19.099944660365228,46.481300183312385,26.046359016767965,30.41072214152051,57.189091203694595,77.23963682325294,6.413849409156255,mung bean
21.955152453322732,49.314816687139626,19.685484104316412,28.71095593208252,57.111204390757315,80.19675866265007,6.29596758053961,mung bean
22.644071146336824,39.138997471798724,31.624418265187842,29.4472403901865,57.40324322829195,75.9096689788135,7.10240398125791,mung bean
16.708141096479665,39.162994158050296,25.873436139461443,28.740369462094847,52.78790776994627,69.32841909950461,6.854815200798251,mung bean
26.302730771836103,55.58438465562169,18.443253163285483,27.037850498747655,53.960952861191714,82.78336462300629,6.486421852602346,mung bean
18.924483624965138,49.38672447672879,22.03966134939628,32.23060802804714,61.07337266375702,69.705197866365,7.1128402177484755,mung bean
28.263532310402905,53.110552823626634,23.345488565107754,29.362962218776072,67.36047010110548,83.8923486477142,6.890008225815342,mung bean
21.59993112038085,39.34481424982401,19.275895294579442,28.0184655473248,58.966136048642525,65.4655342202828,7.052235881170059,mung bean
14.685723914140903,40.67329500057685,22.279238357256904,31.217435305095645,62.61334152153207,65.15397787886053,6.880055915865088,mung bean
20.822357420554134,46.57379158924388,20.120822697690272,30.256159573049604,67.34275228117671,91.32156785978873,7.180348450867486,mung bean
20.873690464703163,42.19737301211648,21.267202274760447,28.779652192775245,51.26090433029349,69.95726573250144,7.191224377885393,mung bean
33.937471206919504,47.347253616687965,25.81294358794409,31.34598127561152,52.09722937026645,68.23398005560682,7.081811269589518,mung bean
24.06778641131257,43.01239463485841,28.416848000318918,26.18650233487191,65.83618033473346,68.50326752780867,6.997167518925279,mung bean
25.0026099250554,48.93371880407321,28.969348315997003,27.976107122741986,64.18670309958503,79.05164122661633,7.2989033878550575,mung bean
22.887511453775712,51.412856801112206,27.914629365438348,29.11580277463185,65.00567572462612,72.0214473634469,7.11961833268028,mung bean
24.598594643327697,45.58383534909915,25.271745713057694,32.027975922790716,59.56640405518075,79.64561282043856,7.009880068721897,mung bean
21.563038088146445,49.989589401015515,30.891721904775338,31.021583460586843,62.0288202369566,68.18556541203863,7.25125866158123,mung bean
18.864550665712166,45.77832844134066,31.19940437650606,28.62199467746571,62.69768396909666,69.18950380686371,7.030468385426049,mung bean
19.339819977500248,42.773827787169814,22.44889706491012,30.2030840573178,51.49393988348062,87.0602414997823,6.90852297397601,mung bean
23.04464578801756,53.04066930420566,24.904789454412356,30.512990716150725,61.44143918816057,87.72656030816712,6.855131224255006,mung bean
20.729142751398296,45.482890947015264,26.67933013511018,29.94832542764266,56.75181886070753,68.5344039272426,6.2060691480804975,mung bean
26.924547299648648,40.493719644528575,22.429904004386877,31.019037850270482,65.39607162884205,66.71532689593906,6.677047870305296,mung bean
23.424223689697968,47.73159161385671,20.839995062299963,28.395498933604795,62.100195364263236,70.174027691633,6.4399959979955765,mung bean
24.95530672119295,40.051808394859265,23.905935429589054,32.56759531019987,59.116603550093835,73.90336872437193,6.635313704622236,mung bean
18.91508279471938,45.957462974302416,29.067661602680474,32.52519453093608,74.26710542776686,72.63638021390999,6.870614033357587,mung bean
20.599937783445366,55.00071883753622,28.96618775066789,31.921511372604343,62.98319348593681,73.93845263238639,5.91174421428815,mung bean
30.000260534306673,48.605789205909744,26.030601722565667,28.34712088266235,64.3375982890141,77.38951679524124,6.870195272894189,mung bean
20.572325263615877,38.94126016107162,24.64216188926604,29.78773018271359,54.79976773937181,88.87671213429827,6.64648302292506,mung bean
24.738377845808454,46.404547479972514,30.888504918699724,28.449721834052617,59.071456100761694,64.80387084028116,7.167105812532994,mung bean
26.704500581311752,45.85587521588455,26.13756925600471,33.63194531277918,59.44963651799799,70.32895617709156,6.597388306251766,mung bean
29.123872133776484,48.17596178941542,26.92070075150606,28.703121797668537,62.73245694790633,79.80704102658119,6.837118547642329,mung bean
24.472933569360542,47.556809079822585,26.598106739085623,29.04019305238647,58.43951663709784,61.27841499744032,7.009110407127981,mung bean
24.56104532495633,53.367518303014094,17.86266755724232,30.339181826704493,62.964934477212104,69.41117461853788,6.969044935888022,mung bean
26.132762536477053,47.85936622896453,24.066670925539082,23.646459751758304,60.40445424504589,75.75269535717378,6.544086292656537,mung bean
19.698819522072746,47.82387707165182,26.585746278145248,33.15852684092971,55.967484796934826,84.484156412145,6.805987370832276,mung bean
23.014891274207052,47.695762905953785,28.506007777303616,28.94957542694715,67.852037675364,75.15049137274733,6.3684275592309545,mung bean
20.44531892535313,50.78862576799486,22.788284130542607,30.17807514841263,60.529768837502054,74.10051627019224,7.14277799717158,mung bean
23.07237860483546,39.00767533875228,15.794369160549088,29.763045355656867,58.679694458535714,84.90605852983037,6.553563711022418,mung bean
29.092864704358263,43.43919848413654,31.882743720556938,28.052578999320716,57.99424048343258,80.42902378165891,7.215952573811264,mung bean
28.375768549233456,37.7903572822758,29.353203316610216,29.98140020059075,51.85937709352066,70.52949934152132,6.678066371772334,mung bean
21.80314615428784,52.05195401664685,27.147525511294415,32.278763666693784,55.59897773394617,61.6394498298997,6.958258253922771,mung bean
25.136188164486622,49.66146582731974,27.640602635101757,30.311760901354518,64.00589827209959,75.61338448284314,6.871807970717755,mung bean
32.91385453644124,51.9643163299244,20.792263026589204,26.836061306918655,66.78644148164295,71.50876666878594,6.753923609047707,mung bean
23.047427001006707,46.76634348698933,23.344386022932593,27.61930546122214,51.07505052879722,55.86474326287492,6.431030941247427,mung bean
29.8988268673222,39.93644909881636,24.905964381307772,32.242987613543576,66.56938295806043,70.54386865677978,7.0489631203618845,mung bean
23.497964465914684,34.532509534068495,28.829754512809863,30.220258963180925,55.61470142365014,76.64800890361262,6.916775904370789,mung bean
25.666030066981698,39.77176157566874,24.301285549093425,30.611107114008234,63.76910466098688,73.27281864822532,6.42087196191138,mung bean
26.697436370634072,51.67962035485312,22.61780232506252,31.01173863498455,65.24134877177141,83.46677390372975,7.27062246376909,mung bean
26.13341838390442,52.60162846445221,30.40921439070332,28.345166595295478,61.550148901339675,76.88146833683506,6.5604152662762925,mung bean
23.683175204954264,34.156913142870806,27.841484027429228,31.697789020657567,65.75444193724987,85.78945784439478,6.58827056604258,mung bean
24.360069271580407,53.335471868770995,29.318660482059393,28.52492274006316,48.19800392647932,73.16915408276994,6.426026664603114,mung bean
25.25058247481327,50.24275408436205,19.21148246658403,30.549638918022048,53.921160551812534,94.85923496500862,6.818057784661639,mung bean
26.900692465365694,39.36216532028207,16.468977698080014,28.08230537147966,55.216354541513866,84.38098295872089,6.398353193082333,mung bean
28.307995424896408,47.27599392467211,24.55382363508253,25.027095734041637,57.25169455034307,82.76594100935837,6.988056453147813,mung bean
25.598309882940185,37.24071189920417,25.50414454073856,30.507409094202238,57.56939069789003,78.46508135601056,6.551398518180525,mung bean
16.96896399751607,41.526581782369476,22.23876151086095,32.43801066677396,63.59748413594812,74.5955083005724,6.608630749911923,mung bean
27.232946568288583,53.068330148268174,21.131758801436575,28.721757238112694,65.75380861831249,78.84671646825036,6.646540801072029,mung bean
29.62106366487044,47.97863784969232,21.22875198358923,30.549329239460256,59.9640408134423,88.22136303353582,7.012588742490246,mung bean
26.93403885048749,45.71982489319647,27.083859368982402,27.22171094023666,52.72796173233493,78.11475742195331,6.939903500316993,mung bean
23.38607152655146,34.2103292776678,20.64885978437037,31.07563078904861,60.634479667870764,69.86911318911673,6.474853860543886,mung bean
26.065925006671947,44.18541820791292,24.362630582542334,28.991296475623912,60.751276562305065,77.26163134400099,6.58078263814007,mung bean
31.650742774110455,41.82059368442577,25.665256322876296,26.89686552360609,55.00514853831259,82.363696358272,7.0542384403278104,mung bean
25.85869545186631,41.36829865558868,26.414536857394538,28.014118279786825,65.3502189004705,53.968509972191804,6.6652490810462455,mung bean
21.811037543676953,51.992307879275124,24.208091038971638,32.4747578656731,67.22821955118346,78.63809992537017,6.226707888464089,mung bean
21.984605981045732,42.30451572972774,26.60199221856216,30.7592771380694,53.35200876736222,81.27666440692674,6.444853676108803,mung bean
23.58444331803761,46.38998753970462,24.480875140313774,33.13770854752768,65.69677613812027,64.44771721111081,6.405996439824525,mung bean
29.59912885571369,45.61172558493078,27.513455668712545,30.05016450190985,66.15276119697147,81.17320030674493,7.075262059921777,mung bean
22.293132450404823,48.280121018636855,18.55914234678735,29.518482201056067,56.82280626262702,68.78634692688571,6.47212478525482,mung bean
16.969579532239052,51.687407251731415,24.148856045493982,29.645506369082135,62.50616207341612,83.52144970840456,7.267889542571639,mung bean
23.273618891108594,46.01508673455725,21.37864955734633,31.46558820532051,60.10523769943051,82.27281381452765,7.08955521275451,mung bean
28.126790265765326,47.895294185659345,25.348126955087547,27.514620096881806,61.645370269764506,88.46746005801216,6.648134191323003,mung bean
22.29050465493399,48.33749382323729,31.697220781282073,27.917897076256445,47.9206364630145,70.08137016806171,6.834897038011473,mung bean
24.42881594890967,43.59439463072276,22.989307082453156,28.70625260465716,55.8640915876521,77.87985165476758,7.0003693291972136,mung bean
18.658678590790796,53.542296039294875,26.76602582438264,31.107937892945436,58.585652734486814,77.03844199350739,6.406738048932543,mung bean
31.333602154480854,52.640458557673114,24.041865475344697,27.362526297566482,58.47078279243083,79.73034672186495,6.662170058026108,mung bean
21.817454087987034,45.86867998485009,21.504712545679507,32.670500703808045,64.72758999581283,80.31033196717803,6.552242400174162,mung bean
25.827362581492853,50.99062725506464,16.62753353891417,30.41143913321282,67.0311213290293,89.49210198217959,6.467304754849894,mung bean
26.10488679375112,50.639337181150864,29.8233547129268,26.320686445203513,49.95212082955753,76.23434610356246,6.974410389561454,mung bean
24.50172025149128,43.22955539232244,30.11211049948209,32.955013149125335,57.03905633266821,76.26157986838261,6.3950929944140755,mung bean
31.941972916180625,37.41710315760271,20.71963532530733,28.220376898571395,54.75761448034782,85.22048402924193,7.612575459119913,mung bean
26.042733123725625,43.18531204073693,27.886996194836964,28.185960218613957,66.68878533623628,74.70838487992145,6.947194935631477,mung bean
22.234966365281654,43.896118869145035,18.521507244860338,30.03743604164425,64.45126166010067,60.187675763623126,6.446558257045589,mung bean
23.09538326645132,43.327810069436204,24.638902080283582,29.90985455770955,61.41867219679648,74.71591434415838,6.2113273059942715,mung bean
26.254805859064,51.49848223659555,26.032264580774953,26.45307046876526,61.161586268952604,78.80277896243523,6.453762361828209,mung bean
25.30475583012885,51.892758328518696,31.469546081474963,30.25300735158403,62.53725165758284,73.67909073670316,6.656552531173216,mung bean
30.54000429524499,50.19727909201955,27.46800584953167,28.946910630841234,67.33629411028576,83.32372361043868,6.347912858390302,mung bean
29.35435967304958,45.908850882506954,26.11391052377361,25.965866246743595,52.684258753093076,82.91615080938999,6.531553672676625,mung bean
28.24979586183453,37.83333938181499,19.099020235404723,33.821509781452804,64.54699226271272,73.97312183932485,6.878298580066628,mung bean
22.165619108984274,46.92241019058691,29.717720324762492,29.16905402200709,62.42815029626883,61.462268587740255,7.430535499350567,mung bean
29.018333231737635,44.83799689695054,23.662287700729543,32.822009707960866,57.47615846129237,77.95802786636018,6.690140590365609,mung bean
21.309069746603967,50.60970618454755,23.35115762804556,30.92838476409757,58.263402453126275,73.9242456060393,6.740132315055627,mung bean
22.38054924897863,48.95988678979434,24.652857363606675,31.725482343963215,63.734115079744505,84.77826500178732,6.627967370059254,mung bean
27.654829485840427,44.058235055901456,24.91049275489012,28.571136924814756,57.62776848051128,80.04124747777999,6.680301373427272,mung bean
22.082102486995083,49.580821516659775,26.42726980016226,27.562950357022327,60.52856917328417,84.02576198462775,7.183671405074906,mung bean
22.851369078464973,39.00212220907505,23.537759535613084,32.68815684367851,63.71867449242033,56.650449418639866,7.100562429790993,mung bean
16.128669411349414,55.435871703706034,28.381441732038176,29.210834520089072,60.53474656583508,80.28813245185219,6.627304524935353,mung bean
26.854116462452517,44.300460154006274,23.996768254238066,33.0500376294295,49.806177313454846,75.37629608567123,6.312421875703798,mung bean
24.27157878371316,41.176215228739764,35.18511698415521,28.971553269673823,59.315081718286514,70.05261046159536,7.111288111033145,mung bean
22.959421513261223,41.46306050789589,32.48156692820236,31.56187575453994,61.34483834456052,94.2990573640555,6.578449170067964,mung bean
21.74960581824528,40.71514113492988,29.812610113769914,28.762355611591683,65.95125953702278,69.96467896214479,6.164868969815675,mung bean
21.793515985220417,46.55057708480641,29.769248942757958,32.602682931972076,61.83206563430487,80.47267692832094,5.874451200512389,mung bean
26.05066378226298,45.20811056389841,23.76410395090999,28.668199935614766,64.39863372464525,84.11405850724587,7.487605610163749,mung bean
24.220966075809812,40.70129993732044,32.5409915758303,29.35916721127526,57.396975935467495,63.90237684451371,6.94704097397702,mung bean
27.42279381979341,49.55538945810515,25.89246021228017,31.088246600334696,62.77146556804304,79.11508350594819,7.2124518636821335,mung bean
28.409891022790156,46.019533363006445,22.85109969435232,31.605908311060478,57.114281802098816,73.81864193823773,6.549324956702795,mung bean
33.531703830885704,39.755672096908214,27.655676644145398,31.352575959344552,64.38110558796292,74.68306908364552,6.829361744532884,mung bean
34.173337569967416,37.06099920097924,21.943055857096883,30.728050963597163,60.91874736698467,76.08011689881943,7.723156371839016,black gram
30.933665963097198,51.66943540734341,23.991755999500743,24.003069932882205,60.65866661461121,63.570773877333956,6.990362687569551,black gram
33.962200775364614,40.92542200862933,28.240546022932513,29.94418663257268,63.191517354534945,82.57371173222037,7.0055797653846135,black gram
31.15963292170074,56.856222225055895,25.738784910901728,26.329733607191876,59.866869878465906,78.26325325479718,7.607348990477856,black gram
34.84340717842488,56.387937974536094,20.78221173254462,27.48089638416021,63.98833415656983,71.98615496444792,6.570465035380804,black gram
34.795625090431216,51.284458859183836,29.965816368833615,32.09977503015165,61.19331322909522,72.09112596727397,6.9517559451829225,black gram
37.448952854872736,49.960997941317515,22.716651059248377,29.173222168583607,56.80837157918086,92.72044294103489,6.9055067903297305,black gram
33.72276007045816,54.00778660563889,20.706440031950656,31.605016090491837,64.58049372434152,71.5193029382341,7.414957362406621,black gram
39.3341662888899,53.716753488923295,26.744988418920258,27.335683459932635,63.1889518271522,73.23230364423378,6.904100378359544,black gram
39.59852318306609,68.05173744915334,16.309698012643487,32.64466385716656,70.12175912012934,75.13222970865797,6.649483441697112,black gram
27.15404393636754,62.88318685525455,20.621671569467434,29.303707148544103,62.92636393559958,61.994189005518045,6.946445835352566,black gram
37.04265601461991,48.82373565687613,28.437577753549938,31.610827268642687,67.45325136759703,78.4511372267316,6.54316914481367,black gram
30.634654161111328,52.319782917357415,25.276009443607453,28.02349639177339,64.00553342052802,94.93394214046208,6.999897555588217,black gram
30.899516232246317,47.076170588381025,18.045738835532365,25.980910690871575,67.89361566969043,72.71806452655078,6.557500093821719,black gram
37.47642568711465,58.62480473098495,26.4855859096484,27.973540113706793,64.8162547694943,64.45112043480592,6.154172574599352,black gram
31.613035409435632,49.79472659800655,21.724222385926833,27.653577966121524,62.62977460112998,64.56318030968662,6.763989266618446,black gram
36.411206835583286,51.74920471406548,28.276276184044754,28.63091416782008,66.94723341813466,72.01166856822937,6.944715661264652,black gram
37.86645232671668,42.26701757424026,29.273172200096877,26.977705414660804,68.25309094165772,56.54928742755766,6.648051635573014,black gram
27.864164215098747,54.020539684468346,25.725837708046722,28.813947395057486,65.10343967282533,64.97974640292743,7.25595560004184,black gram
29.349845685329377,52.78034281499169,21.893077610808593,26.794929627888294,57.98451920541197,83.68482831741599,7.0611403933977845,black gram
35.30083597209139,54.04738866492196,21.160113728710563,27.779842368953208,60.459866985568496,75.69132049651422,6.937804999371468,black gram
33.96200423863754,57.63339392660546,27.334368010194225,29.609349098037296,74.87377000216476,63.57849394923211,6.36815748516525,black gram
29.89071944336365,53.69457076120194,18.62211908023781,26.93914248441555,69.19041125854858,80.83403033726545,7.373839722818254,black gram
38.58529356533195,61.68587287559139,22.884119247573107,27.283880971965356,69.3943443996825,81.86870680639666,6.129276594709558,black gram
29.167935308936272,48.54616457443556,21.560109703600688,30.63474558148752,74.02959759025698,77.63945037138399,6.91924899953565,black gram
43.15617313032775,57.96135244054924,27.236172353882825,28.74541144858695,66.87160606393414,85.79279682062617,7.054221820869274,black gram
35.358529095018504,52.40527669464376,26.0401959085368,24.67463484937667,67.30363486766456,76.00874679857324,6.912276231772148,black gram
30.141695527461803,58.09356251450205,25.73232566987172,27.985984594721405,66.85093439281427,68.3628016836347,6.2902712331480455,black gram
36.90720810725232,40.46844511068195,27.380120386770635,32.135091696737746,66.85407455768433,81.82952031475119,7.369700980364238,black gram
39.385622296172635,70.0283295410828,21.515439286021426,27.317565799094922,67.41663555179062,62.08069765610734,6.7977469390561955,black gram
35.280334643455845,63.566230618012995,29.26891412227599,29.53252319994386,68.48379395425752,75.49103570197458,6.902265422365155,black gram
38.18978691941634,61.67732680658977,22.123798953605508,28.89917422994958,64.62337146062873,77.12437719927289,7.204038726165614,black gram
33.94734226227462,48.91489651799993,21.356013873436535,26.853650666461835,68.04757196536515,73.67420043386345,6.590685143768069,black gram
38.245639418809475,56.055704659555744,27.802288262233024,32.386024319725536,74.40628750317401,77.75881494039777,6.918616142642456,black gram
39.67738943629103,63.43412478566573,23.567396562772615,25.549942400551075,69.31472236145154,76.80069708025596,7.013565640625027,black gram
37.280164190403475,50.39038647936209,22.959789470677528,30.14262990304825,64.1922328616594,68.7476505593299,6.703619091133678,black gram
36.67011376186957,51.632564952540044,31.949561369104195,29.624697026342197,57.54889516496988,76.83628881534486,7.349124026983686,black gram
48.844378275208115,51.89283777365488,25.09890763003533,25.28730225298504,67.78125694572645,78.83070454140284,6.8991228156259705,black gram
30.44624066356888,60.15630693456049,32.312678534087155,30.717415604714514,66.81124318578776,74.59411695868495,7.114413211733278,black gram
34.407463327047246,38.30814169723223,18.12862377177854,30.73644330857047,71.65138171127792,73.99682632435457,6.520619247514219,black gram
33.738829790864344,46.511899313988565,23.98427536022072,31.493988647422874,61.87202266197784,68.64482291560687,6.329623650645561,black gram
35.86398824114066,48.73063519645737,27.60168035068932,27.382806022082903,73.40654489343486,79.7305514893768,6.966956432984265,black gram
29.091363022965346,55.159061422264415,26.215120745417405,28.685733093236344,66.77703436231802,75.9805030147036,6.391299909015373,black gram
24.89139904250692,47.633267766604234,29.05573780422797,29.600671868127918,70.71184887350172,77.6249585450241,6.879461348318075,black gram
35.07256847094036,43.7256777040414,25.71269531427393,26.70481442917722,61.95453796097963,67.09384000658068,6.776481236050842,black gram
38.8436360481301,60.27836259879349,21.116812980159278,28.484491946713625,64.6280475087085,58.91039929126885,7.129046762124033,black gram
32.282719119353764,58.830354684927705,21.83547696372399,29.555906959227,71.24198847333841,77.09180289212989,6.990095757612537,black gram
32.25525375958789,52.90767599102352,20.524289528793943,30.105412199894204,70.93174411401812,71.16130961088233,6.813265235188799,black gram
32.19974017738842,46.360414116992516,22.941050929054345,25.605596230722277,55.297524958009824,77.3677417807689,6.4515105261208205,black gram
34.82424371266985,37.458198691916735,25.354758885478482,26.61575464891933,61.873284178085896,81.9640673526127,6.75719039322845,black gram
36.25634041769376,55.352837618279196,26.924808414315315,26.41689253333768,64.94175071978337,73.13408147177554,7.048116638758218,black gram
32.57890374822367,59.971905358237926,27.113527301851065,26.837884356017543,68.63265355683036,71.80628030781276,6.575989388503461,black gram
31.637353738682602,47.908222078186355,26.24506810676005,27.607059050217607,63.46514098303711,81.83296632067643,7.108586017976193,black gram
35.46099528617047,42.226702481220585,26.940571184812708,24.082416055815617,60.53709244207472,73.71329634410266,7.337146032311183,black gram
24.576642378588883,44.89320307769545,22.138370411475005,29.38242011122235,56.83938187426936,68.59951533711954,7.224486693477328,black gram
38.703664157498785,50.98772690065756,29.055282569805982,28.1703407677441,60.46573683481522,69.29207630648858,6.580320273573878,black gram
30.46944436526058,58.02836095954617,29.039897605372836,25.119525590983773,68.33183930126562,66.64400080366464,6.774597335236792,black gram
36.27481227958906,61.69125070478756,24.903862781584603,28.497531370604733,73.14647594954658,87.92202326958635,7.1686073266458035,black gram
38.15200312912341,58.35405028005474,31.557020753413706,29.474598592138875,61.61065072977323,75.84954120992671,6.94378538362207,black gram
29.15056529279157,51.18595444655743,31.84294996730806,25.725915992082204,67.54933891676588,77.50440074592889,7.137770035269593,black gram
31.735871570462464,49.87298325187981,25.212978813984144,26.742171862068904,72.74149090884269,76.45445132808834,7.098572168786697,black gram
30.816183633805437,58.89542608236921,34.95843727388123,27.890150800278086,59.39518193240267,84.10920853748203,6.63393462267702,black gram
29.588472470923023,47.557550428818814,20.272662637469864,29.045420021817662,60.75033434365586,68.04859815077731,6.669798882376992,black gram
36.788576544363025,60.87496370911607,29.93145527838865,27.335662678824942,70.08158385132806,68.70096842142843,7.398742678151658,black gram
37.604657581110445,56.75376143885086,18.64718617259114,29.948196702102692,62.66082150496715,70.1091318466872,6.512690001863794,black gram
32.454068085470965,58.25762793205842,26.709069234935015,28.103914815360845,74.36599556030862,65.01012392121335,6.90011956597013,black gram
29.42101957525827,58.719940536960515,27.293462819310506,28.27152692379007,67.53055420970124,79.67664045693343,6.969390990479034,black gram
29.187005558704108,60.79118613264466,31.995102764417187,30.247443207439787,63.69904882073511,90.72803763996367,6.886526632334708,black gram
39.923974791490494,59.50608047455366,30.771154209256867,24.815624233689007,61.03618197306458,79.19417489404567,6.716340407210206,black gram
33.47313656855836,64.92538940039054,22.755529284754935,28.61852597954651,66.88262547627143,73.18937972426741,5.99022258863178,black gram
27.181717922385356,53.294162537574145,33.80439575386929,26.559678806839532,64.88196821091546,91.6229445489558,6.813379079527071,black gram
37.13906147468932,57.05690005703141,21.64930338708007,26.284233237819876,62.487695215739116,74.94004869309641,6.5432429172253865,black gram
32.925420130989906,56.71644431231292,29.798188892934945,32.719791158696886,61.44324777081883,77.2748746758289,6.45617678382804,black gram
32.400473947044986,43.64634011159139,31.906563165040996,27.14796981741329,69.79856021400651,66.56358725207808,5.979273199977311,black gram
42.17463198670594,44.33684618181102,20.86494847806634,30.405479112202187,65.44738782654812,73.51207207608412,7.2672261036414945,black gram
33.81335461797748,60.28617745854436,20.0534976240696,30.854654211044195,62.218313965676096,76.42961607048429,6.54856296597824,black gram
31.58347612797145,53.15324761135945,28.669443829371534,27.51024405063573,65.97259348445412,71.226387779851,7.263356839246745,black gram
28.84697382094142,43.93463608710622,30.6573097443463,23.677431115150082,73.6046872629625,74.87904463099129,6.952136512855706,black gram
36.35759198539477,50.6596208889857,27.071351193137275,32.074744084689605,71.10004677736444,69.30139933439779,7.233954267147712,black gram
30.07697131190519,53.55891294705514,25.583269871506523,30.487405313622354,58.074231359411506,83.40553619417463,6.655723092319342,black gram
28.118332419203817,61.58381820363698,23.33442167518978,23.99306666908434,68.98368299942398,61.507925060838915,6.667724257448885,black gram
30.26877376437823,49.64899865622886,29.355889950219026,29.269909249014656,57.460076927215326,73.19659769389965,6.823859692263923,black gram
40.69717395269732,58.04000454083957,20.159926216450685,25.417844092503692,68.31964927521905,81.10864713998878,6.589742804348511,black gram
32.37017597056627,58.363390839939534,26.15814950639196,22.739879215701414,63.6429689656301,81.58777760107665,6.280552678291456,black gram
38.656861887373324,46.764352275588884,25.92895075897419,26.308108596289156,56.92449766789121,76.76727126637749,6.76420671901635,black gram
41.39122318678747,60.48868739460731,18.64695048268144,28.65596985455693,69.90660744835921,81.78891257405536,7.45114130455795,black gram
43.203442952324295,50.33667799261966,26.55309022708229,32.80269616778045,71.39073814801746,69.63631383838452,6.266327033828737,black gram
28.463603612839023,59.329824257948424,24.569619357794945,27.633411243115678,62.10143623491369,68.1171113336622,7.0158034574693815,black gram
34.88429783154398,57.84490145502314,18.450906908756462,31.57964977812655,70.89409003437356,83.56495769194005,6.077765242780741,black gram
38.74020842382383,45.538355219431814,26.716582385647175,30.325556755056276,70.35822904635707,80.80988918446636,7.4484610693238755,black gram
35.6938932270164,49.67092322267632,22.888666754601253,28.038699634258663,69.19382925589098,66.49788812692681,7.085344346011177,black gram
34.89685971292374,51.965252633287356,21.264158491452203,27.057093648792932,66.5268123843734,73.44254138820135,7.064053675827051,black gram
28.231374852127562,45.29956907233979,20.852262291251897,30.218543898966324,64.3045353049092,75.29942715953234,7.0071400201572995,black gram
37.75615281765156,51.47589444433295,19.29098505543642,27.2829980793945,57.35705176792707,74.46324247261224,6.531722473069064,black gram
36.207386427556685,56.294293718623585,23.544159241607872,29.269452443862697,79.18427687859626,60.240136126243705,7.6493502028546185,black gram
30.914306915383875,46.06060554958937,21.154945337885778,29.467761894399278,66.0788702330789,70.03980631561488,6.59709156361329,black gram
31.80961577352962,58.90415840968849,30.01962287431302,27.489410122689527,61.603346935437784,71.99059066658671,5.992346580251257,black gram
34.77179884356386,57.52720112495733,23.523126391099527,26.99059852183032,70.60608275477665,77.50721652249204,6.935681593590595,black gram
37.11299499818591,55.94574510407234,30.254349920502612,25.260851480897003,64.84386564710618,56.73471561175843,6.652839677320568,black gram
43.413977256977056,46.52151898492582,20.587175509833656,27.850374631011864,69.31646576382246,80.44136738255047,6.6096996885880595,black gram
42.1297829888245,54.61725108381518,29.553832923915234,31.186858182973523,60.084721157937565,63.04071509679743,6.987546308899633,black gram
35.781964586412386,55.22511207296345,26.072409241519235,27.799116227832084,72.8070638386246,50.91483351901415,7.244791625107897,black gram
36.08755819162989,54.15884606519134,21.100435523802812,30.46467168616359,59.19756624468248,75.86584559504922,7.198134672354354,black gram
28.04899496031505,57.0861808795487,26.24314887497827,28.853645007702614,62.67447565366169,79.6843966660712,7.1635093498918785,black gram
33.738280768429206,68.75056517191989,20.454336915475032,26.64276102241983,71.01291991515585,73.26651451899176,6.472091703029964,black gram
33.12453052589482,64.99635052476356,28.175438018231866,26.147296087591535,55.63366998950151,86.93788333233569,6.88596120286026,black gram
33.22496150147763,49.00999015874834,16.710409098076035,25.357250452285346,66.50159731498688,71.05032195799826,7.375920546660462,black gram
38.85972563112837,51.091402391032055,21.29106764350744,30.58041132444427,63.13465790787336,96.14872034961222,6.833764778349295,black gram
29.26706821485952,41.53139434749005,22.057993389288377,30.89080119810673,63.76437560156799,54.998621126639435,6.581217990759828,black gram
33.78150229507771,64.04107835457545,26.730354249353045,27.700006424862856,66.5147137786831,92.79414893599554,7.170666882724308,black gram
31.885895650859762,59.51556104326018,29.52772976015598,32.6589110643672,66.43449674383459,72.41354941485726,6.925174843158474,black gram
32.99535186083531,55.995940180538724,21.780073712917908,28.046845007232633,57.715674193486294,81.75177937655273,7.079500041181527,black gram
28.066545171496827,59.931147802889384,22.758338905100025,30.825638601752885,70.02182545273631,83.69614689836007,7.006891290522647,black gram
30.6188176841847,41.29097336900316,25.5424864325168,25.454508162682945,65.94898937079954,63.09381885224856,7.073413486238657,black gram
37.166566159782235,46.55547964549185,21.141264121502502,28.847811730838604,69.42573949253105,76.83893018607607,6.55711127684572,black gram
35.67992871185942,53.505722744343075,22.861803502009472,25.18261815049905,65.20707483631459,68.44889436581556,6.75519991997279,black gram
26.542023117058278,60.51949773341122,22.75345069740827,28.159063829273265,72.50052193484389,87.42909920288146,7.031682387733186,black gram
30.71129566170102,54.41813312193771,26.200248251096117,28.538671600798892,65.70258210586572,81.56303531044767,7.03042850685738,black gram
40.119691488946344,60.42951218838138,22.220862178215206,27.36227499087319,64.93694145110602,78.30289317938673,6.627887615642994,black gram
34.95529297764592,52.80997009100183,22.86194983343659,28.82567249520842,69.54939184178679,89.17908331838336,7.157928290908029,black gram
28.430671780004733,63.38927329000166,19.278214906871128,20.83120220684338,52.204512944316676,60.5935895737733,7.493363005718003,lentil
28.318425974313516,56.62351237939055,27.362504875896946,19.949187287387865,48.195031764023874,67.62468279367124,6.680179874765529,lentil
29.57687333931083,54.84681450371471,26.82467868963498,20.82159438412174,47.40767450422683,66.75848814080621,7.417438287512369,lentil
22.36932506642372,48.88677147705577,22.240451541661685,16.027987506681455,45.849730355704565,57.32489356309275,7.202131955648731,lentil
28.53066727262522,48.84353767551358,24.328240501419867,20.977882493198297,57.42677914601824,65.33938619712772,7.724565294401154,lentil
31.058153990149727,57.86093693146102,22.877382349331405,18.27697319621113,49.17773078753979,54.68003333069472,6.992730878563076,lentil
30.647695049338203,50.83895285277088,23.596287404752378,22.118442227783525,53.963795697275415,65.2733957461274,6.901257333134318,lentil
31.988153057333513,50.008864355018815,15.14569950010335,16.098939368911715,56.7660081438672,60.38652926735983,6.68024490216719,lentil
23.131277850873253,49.71636489370046,25.477440028593602,20.079096962778923,49.60607033270174,55.76211649307274,7.474465220062249,lentil
29.000975680205396,54.279504466543514,19.633482406916876,18.43766838722724,53.61306478304372,55.7973703839902,6.831695366703276,lentil
25.375203086338907,50.087084252292335,21.8070846532189,16.679773778959834,47.10837869743339,65.96169075643398,6.439303632224917,lentil
29.258946946949166,54.0387387970055,26.326779161482442,21.624874370081358,51.76135207385402,55.78230607306914,6.868196621373944,lentil
33.42322633192666,52.721049035433275,24.734370045265152,19.611964313222185,54.22718510156659,70.0785512860262,6.658549813496774,lentil
32.4161713641735,57.73473971681999,33.60106443237329,18.55733157657634,60.75062332629536,71.42289734739424,6.372023137812426,lentil
32.26427022990973,59.03697644239704,22.563532800781417,15.077837518369911,58.72823985630515,54.63002593787731,6.739651291102922,lentil
22.901524394415965,58.91641102343789,17.656427951328556,18.82511296264161,52.17707811814727,64.94440961154189,6.280923169626134,lentil
31.837607613547437,58.192299079248315,23.547574423533437,19.43119751795314,41.234913323040466,77.84184690077399,6.7206349252895246,lentil
32.587943405480736,56.207782623481876,25.222922462380364,21.37757666546966,51.80262523310241,73.15304505081221,7.351324750843431,lentil
30.803571485477743,53.96427364388718,28.910151996457426,20.8266451329043,53.12504616393619,62.26810846367158,6.843797156169834,lentil
33.048078801198244,51.676110981943474,28.160062350976986,23.925068363147027,57.963272036128984,64.49762449948534,6.999183204640463,lentil
28.231418585848214,47.611186946143896,21.965352126370103,17.260993260927332,59.80614638316614,61.18065112986242,6.15232827466118,lentil
32.04317310441305,57.39439400230706,26.21485940797112,17.317639605376037,49.411641157210084,79.09559678550758,6.588357963017686,lentil
31.82272670583532,55.811992211437094,19.457003778924275,17.051398520228442,57.47724948789891,62.51892590525505,6.701176534117313,lentil
34.16719066507224,44.288379983219315,24.759368344340928,22.342801703544584,59.21580747144848,62.79189841706307,6.964272398984625,lentil
32.497567258281386,49.221360525988196,19.08926217797512,21.729058634355642,55.26777808097939,79.55388148244496,6.574687751930554,lentil
33.984115922826795,60.47904682830097,26.97040935024549,20.05757933213105,50.27306384421426,62.664647737684696,6.627248910502134,lentil
30.092246179977447,48.094021622743334,25.98342419371029,23.564377131834707,50.61019115118805,69.24911242795069,6.13822468420321,lentil
32.00517611487367,56.73020704628626,21.35713775279794,21.102357471507204,55.521461552126894,79.46547774855624,6.839611729793984,lentil
31.579239368660893,54.03669619328852,20.511519996188362,25.20365393782002,55.91309534025324,67.44658297719832,6.829684267812808,lentil
24.132853789975908,46.023646133399545,18.299208027508648,22.642041208351763,57.5105655090537,62.31791221639455,6.299200536016946,lentil
26.676391506943716,54.31497288850974,20.064690961730157,21.74583834879687,50.979856995018096,62.747496489998774,6.764832901874967,lentil
21.24669116222909,60.34062902159918,25.1608404501072,15.568322521303864,53.04543736059231,62.32779234945421,6.43790804933936,lentil
31.395320943179446,62.949394069022546,26.386684918581082,17.177846344176753,51.611470513115854,49.17408601671337,6.870211645891141,lentil
26.007036796894333,56.81795561981727,28.20464323795439,21.756419108278017,56.038749228885145,62.95373493622222,6.232489916989949,lentil
38.725098524700414,69.57950397106796,24.626468265365524,20.862803475184947,49.24905098268222,61.89567392849407,6.809148278476238,lentil
27.640038375555726,66.59859965244877,26.24464957505238,18.757611096577968,52.95965694977009,66.9478576872979,6.24288494042614,lentil
31.928696650694633,54.738569699657866,28.593899699555912,20.710754192657937,51.73370556876769,59.64160989970727,7.285151703490849,lentil
31.71462345679667,58.93173214896599,27.375387894010203,19.818767719163365,49.52519451308124,79.39126005726138,6.73229316000917,lentil
35.15303912409543,54.41141510860565,29.42892950769676,18.26750430607388,48.41897659198149,62.76494563104444,6.63116092813262,lentil
32.64405560627459,57.26725103508067,18.8142056802203,18.51734279120585,48.00640517772526,59.01111492068806,6.767457372785713,lentil
27.516378814323524,62.69909408053288,26.67355913800064,18.301189638400746,61.43739680346367,72.28611160120373,6.868477165342993,lentil
28.54275811567868,67.7826083893507,28.19147191576703,17.84996834907644,55.80800091607945,58.33754960710438,7.1131685250372705,lentil
25.885792449057515,50.79652869272168,22.529616765477794,20.960819649700806,49.75302423884701,65.06185881267506,6.047265161231165,lentil
33.40104527267184,37.27450292404683,25.706980672953705,20.499548359557032,52.503043536043435,73.79529993564009,7.195204343381899,lentil
34.29328875794558,62.48545755544086,26.30953767269495,19.24084844769745,56.31690285922138,73.81122909411306,6.78149773028492,lentil
20.39625199742268,43.92258400150859,32.20963907197469,18.353739441407445,51.946112938648504,72.55614965199537,7.113840845695507,lentil
32.23413106217119,55.95345403900916,16.511302856391442,24.437075439768858,53.105617689610106,73.71679555426249,6.849616711235358,lentil
27.858853393958867,53.237383946645295,24.32559911363845,23.30183469909238,48.53479878685379,68.17452351824595,7.4321775592237405,lentil
27.96167606545297,55.23720263065548,20.30255381705766,23.291133237771355,49.33199460811274,70.16708302881824,6.111695611054885,lentil
26.55100777681663,56.46677895975491,20.54544584726982,19.48927252554869,48.29902042338014,65.71150937016256,6.386239734920728,lentil
25.75766884538499,56.753432667112975,17.382358824078565,21.26208803589569,50.91776315945183,77.77599403514274,6.61612152323758,lentil
26.47183808158871,55.713220628060746,28.989364113138382,15.128739515636788,51.791941519169534,75.06118565869656,6.436055061983654,lentil
25.121598228573994,44.498504200295336,23.61572434946138,17.48804765501519,57.241712252460864,52.981670636386625,6.6331449056915455,lentil
29.230486425989117,50.98156777263645,24.047188857097726,18.073329441373627,50.55008810716199,74.82865140359921,6.948354101188696,lentil
31.689701462891172,61.96435105110169,26.614559298827217,19.388819760404257,57.897856528405626,63.03432288633612,7.410940952480986,lentil
30.836343488796118,55.305627292550476,31.252817213975778,21.649757878621234,51.4844121950094,68.82678643618554,6.352008812082255,lentil
29.01017061982469,56.15864285262144,25.561461629927297,19.669099591534742,50.22306832223754,68.19305716357894,6.994436925104706,lentil
27.30178453960968,54.85315951377232,26.971952622198177,20.984820411050027,56.77308264998172,68.79639989205097,7.0114630498152435,lentil
32.895491274985886,58.01631483797928,22.966320686195967,20.6699853782671,51.66323193556466,60.32437237317146,6.919762238402665,lentil
30.235965574378994,50.534799986534765,27.24047553162264,18.48842967462939,57.305198738897616,54.35639226246559,7.26266466693613,lentil
31.950657491714924,58.05943613718479,25.07122090183039,17.343986402852302,46.65378573032959,65.58944446657621,6.670142467388602,lentil
31.307591361642157,61.850872723379275,26.66301225113167,18.079949912938332,58.17141065055293,60.120985853917276,6.94022687848874,lentil
32.39123156223354,51.57215001948941,30.840687941559196,19.31777534648598,55.147202454861045,75.17347406364502,6.8654720520370445,lentil
26.67354727061752,52.69773735499789,25.926040999964293,19.112983584155593,52.45909186799689,72.57728125614277,6.7322418253387735,lentil
36.952237749864764,53.93809866802676,20.916384658622782,19.509321879214625,59.65580792449265,60.369964444458596,7.191253557143086,lentil
30.028125182438977,57.608581165668646,22.097164958979327,20.064902328684042,54.9712422930075,73.38889275671474,6.637073937386301,lentil
23.75038442355423,47.71704504370738,22.284160638459017,21.272708866249566,50.52706858194782,57.16393521989617,6.693429896280142,lentil
29.920849907784373,54.42319252811075,19.864430456471652,19.372448437174196,59.763419445702695,68.14187012291686,6.934006039369249,lentil
26.96325763618706,53.14328484385982,20.001740885346383,21.138577861498447,59.221314676719885,63.14850785489005,6.66733823010231,lentil
26.66445565013922,54.213159162810804,31.669386405679507,18.563114559290756,56.099723409233164,72.27295735589614,6.765927136434788,lentil
24.76038416166935,57.23137492564734,31.10699329739597,20.305579434738554,54.80609444349949,64.59245119608647,6.054720069801736,lentil
31.265284590615632,51.819164632645524,21.347612881650917,22.46670898401063,50.233182377031554,65.77800726605652,6.36629757643702,lentil
31.344512811471986,45.709435505719675,25.886330831370493,20.23472642747087,58.68004316860006,54.61411190291676,6.64670945751096,lentil
26.703987000532607,59.75502874417629,18.07725999471343,19.21617104572602,57.43133092828245,66.39262471365338,6.262554436613183,lentil
34.452210563100046,55.38953322290663,28.994456584502764,19.154251245845632,55.177897650731126,66.57366302228012,6.6465610669999196,lentil
38.84944466553897,53.20363580648797,26.353323538277497,18.713914732963445,52.22084427444319,63.82583424090115,6.549492363704532,lentil
26.203992834540166,55.24377761767586,23.335062827162567,24.254017413110255,54.085286975093645,59.719606703122665,7.015783471411072,lentil
36.99944785079879,44.41175073571887,29.90785233418992,17.88210067267096,52.54486467529356,53.86795385803422,6.635693439123398,lentil
24.45085066939381,50.989416753666944,23.65075281765759,19.707358300174693,56.270022660892224,67.11667210712767,6.77252225154004,lentil
35.18663960183038,56.10839657240205,29.82096985880965,20.262732590872247,51.80327544607077,54.13709816580619,5.8224586143428665,lentil
28.269438340050648,47.37300427988688,24.905917483809567,22.562760326647627,43.70308453631951,70.38380661825525,6.26979601916002,lentil
22.584138685819006,69.77786783592316,28.026414616039812,14.053460582540247,61.706997547817984,63.18266235456035,7.322467843463669,lentil
26.29440872640373,56.3028288664524,25.470196327425807,15.857001516702297,55.64253637872084,71.37374945661776,6.4651338615672636,lentil
32.101990733533086,59.33996032854237,25.085294944500856,22.26831151605227,58.20199995816204,77.91742652822187,6.8908633109413895,lentil
34.160607946294384,54.049163064144096,27.70813961789002,20.683946335795696,57.208148725527636,70.92987131257483,6.689067169217885,lentil
28.716249300280978,43.103316845328195,25.912394409390195,17.654915571866777,51.14729586697678,61.93103451637573,7.029321200596365,lentil
32.299698400692215,58.05332712224977,24.277217251197566,20.563169018032273,50.54297935238695,77.30605969567777,7.367531059626684,lentil
27.597786194159614,46.801954234233676,20.359654955205077,18.14400862431747,50.33964162257906,67.43176375533481,6.863402073690854,lentil
33.39209372228882,56.19004957406291,25.84489408278085,19.400458556350838,62.801628644833514,77.88684754771941,6.523043754566305,lentil
31.209271235747057,53.29111286955612,23.948769449382517,18.874621142403985,49.25114781371341,62.816224077357035,7.129494566226299,lentil
35.504700821278064,61.24214653799313,25.573170117796078,22.69067211276914,54.60768268969084,64.01467156301814,6.3352895029899665,lentil
34.74669230783378,61.68342643866456,21.193307126220763,17.485422483614435,64.9588146128735,66.80817022444838,6.42312488328953,lentil
28.766029689384926,58.80523344979463,29.297947772957244,21.617503197864124,63.042790440778795,70.8146640152036,6.958449501853117,lentil
34.89569188379728,51.69815484954019,22.66104952856257,17.175572705913858,58.823876640961515,59.38623024072369,6.889077763474516,lentil
30.411468859876216,52.76948816742301,23.38286239185825,21.981330560073552,63.11175718066399,61.645115358435426,6.526861222794661,lentil
37.7154293490989,55.59455620181219,22.769894596486658,19.33949807489975,59.27426424222037,64.30782015494609,6.8327268066162645,lentil
24.84257429671296,49.862867523548374,29.452797606371853,20.838372103951396,60.044602674347416,51.38624095805318,6.596327404802707,lentil
31.240676561523394,59.42826188575535,33.32602198840939,20.40180483907834,50.54080320428496,58.91780290204865,6.3310211950781605,lentil
35.37828107644797,53.98771996195984,22.43418773230793,22.294328239820693,61.7332722578458,62.45398210404315,6.618307503009051,lentil
31.163825731413773,43.83079543055881,26.998868954869728,21.358516708201428,55.92206298589182,70.68181464098555,6.805775386477734,lentil
30.69157656621865,64.15954100112828,25.449157298134,23.24981307842735,59.28978998344791,62.89262558390955,6.785221911953855,lentil
27.293446261816534,63.031466273835825,36.10335315175895,19.49044763256467,56.485518549590964,68.88769604523051,6.832465254877012,lentil
29.336697932526736,59.19941732769881,19.15095949202645,18.253375930752455,56.18108879510496,65.53494749287768,6.86971385440106,lentil
32.342656213456856,62.903177797095694,20.797620175404163,18.639676308325562,60.37242536734801,65.72383842063645,6.865727442484923,lentil
34.844184599515884,42.89528368075476,30.965046575425294,20.3957155180741,48.62680084898395,74.70644781714253,7.429332667699257,lentil
36.02418284311575,53.340993042334475,27.788789222192687,21.07399736923354,48.154190560810825,85.50130560692413,6.452431269023609,lentil
38.26322524150066,54.802516477937736,26.061999502429185,19.491138499493132,61.991995157425556,79.31669114708309,6.86356235342616,lentil
27.493634620667272,50.39116982642987,27.683258127535762,15.547043294404164,46.95992580478851,65.08424390897522,6.90758249309634,lentil
28.068384759006825,52.15333865131843,18.112215503104686,19.219551220270343,54.224276887681015,67.33771896147259,7.000939971111272,lentil
22.20749906834912,65.32840478717203,16.55321539574424,21.03270667200122,52.747808641659226,72.8686977553093,6.993240702951345,lentil
29.242400978351114,52.930990208758196,18.33674405226501,19.819508913342613,51.34610461045412,57.456080436161955,6.408979111602565,lentil
30.039653974571404,52.21463671821319,28.483257097921737,18.91639804307796,47.54756815740346,58.6795066413346,6.809051755539395,lentil
22.673957899643128,63.67311010529128,24.05619710034691,19.724974605504844,55.640990840396356,70.29070234460023,7.0293376873630695,lentil
26.957165220871058,50.23351352049806,32.86856734384066,15.78020345431684,49.924383049649265,57.88600534410782,7.114748237956267,lentil
31.113569930432014,57.0665159303004,21.5007909388776,20.636046269757212,50.166138315655566,60.493828258363365,6.532913497408216,lentil
27.09268444700896,48.37167111722947,25.830573618477498,20.586492407615527,50.88725360764626,61.27997493021468,6.948333555607833,lentil
30.5855844778395,64.45400947917344,23.949784821002147,20.6421628398087,58.29524549339339,56.98490056140335,6.419286716247695,lentil
24.487585220075655,57.69037653211175,24.189821408355055,20.503590734405424,55.605512916330156,66.62624738420233,7.020415900864674,lentil
28.377806550491304,59.924211790319674,27.429547084324643,17.219932425176893,53.802716923556744,77.36403039144903,8.056097430768368,lentil
29.819207816510765,55.162179632480765,18.436870166095034,20.223160475032387,54.6575510446381,60.45136195519537,7.419424243462145,lentil
20.840700087524123,16.019603977773453,34.754211508481916,29.47025239925141,51.83275605342134,62.51208653924039,5.909559094748348,pomegranate
19.462658603168027,22.381475532285418,43.896253947234676,28.480515019694604,63.22796077505242,60.488674051848236,6.5674134320522235,pomegranate
21.509283287222104,13.436907081502994,39.08227331012503,25.80818464835863,56.128037407934386,63.30594960032788,6.728469186860025,pomegranate
26.34272429108499,19.118561309806914,36.882455239318276,25.568026511755885,56.9766755701295,62.588270717045425,6.8254872251065315,pomegranate
26.63357286658404,26.91849669980696,48.73732088819757,28.221722696148895,57.302181579623095,63.7084656325983,6.0347006040038975,pomegranate
22.960644869908446,14.294916617311458,44.755906571139064,26.2725298209702,53.960192405463935,83.88503939607833,6.5893388366699455,pomegranate
22.039797682157495,18.91413717171171,44.10891507013316,27.474924476982583,50.34253168796141,62.080518850262266,5.952315735562616,pomegranate
14.963581337804522,22.68260378317565,39.59686634180717,26.088039197629797,58.922203998156775,71.4495611272841,6.655416717829368,pomegranate
16.02748783050562,18.14544234683431,41.6759860463486,27.45651886158178,60.02966820841519,76.18681854547384,7.024132450463835,pomegranate
21.223193269386627,17.435069821189472,40.22058479007893,32.65372235491324,60.42931290815901,68.77103393820833,6.749223699178365,pomegranate
19.180105932002153,18.715738265992258,45.42944813539713,28.85408017738476,59.674084356039,83.98093957788274,6.326675775381961,pomegranate
21.242099934432616,23.807043103823148,43.815461099349804,27.25209962737293,55.257107785053684,85.39686968599939,6.304741363007065,pomegranate
21.85904148727059,21.97799093310175,33.12556878280913,29.29979271126722,48.282264609123835,71.71760747815163,6.932150420337756,pomegranate
18.014142805103273,13.922151165610789,39.886570782545675,27.96108641575647,55.60340140200411,71.81603912391172,6.5994174830164445,pomegranate
14.145485469086331,24.296591331442706,29.597773293916013,27.289589555763747,59.02925623150338,63.8878019876719,5.991965458937687,pomegranate
16.98939724706418,18.05258133487669,49.62413346795944,25.0114003667009,57.10431132161402,68.39574871217206,6.214398940065098,pomegranate
14.472533050772807,15.247322657419621,41.64706379223895,29.349539825818884,61.57495892818211,62.35324678375707,5.757296505360476,pomegranate
22.303264785231143,22.10640629959234,45.6879506760235,24.212678949336738,62.48339238320492,71.0466448607394,7.206241002165428,pomegranate
19.16266559218278,25.563235996357243,37.21847121923355,32.30122863486822,52.43293475158628,57.86839423606279,6.583399163002844,pomegranate
24.56707156208331,25.069008754469376,39.70891766004813,28.797756704109155,54.9412920056675,80.77045509667377,6.866571983672309,pomegranate
17.98667257483117,23.88996147910985,39.9009017597087,30.375099770165846,53.1052996365004,70.73450570575912,6.300892496832703,pomegranate
13.743028048506652,15.140137938187538,45.397312841237664,29.23999437578288,51.043360737688126,73.93963428951575,6.5116458449391255,pomegranate
23.088780160054323,18.228841203082638,39.95401604352299,25.69682810173774,60.734178332818225,74.19379540120283,6.541468893008788,pomegranate
29.780113317128013,24.71590723974487,46.86308888341224,28.665553004667224,52.43417183235636,73.65861480991579,6.518247805158197,pomegranate
18.645206088177083,24.758538854281404,38.50705848393386,28.5090438393924,55.64137644896447,58.010337347043965,6.687806271331901,pomegranate
23.0949684012756,20.220159076252607,41.24314190274988,27.366630541263664,51.89022473336563,64.99983486216749,5.870851490255982,pomegranate
22.158221324164334,14.696697280197451,37.856008542196015,23.830235058752994,51.68139459264327,74.35798363440784,6.532030222849981,pomegranate
20.125112523934586,20.958330865057246,31.88670126237247,29.747307638976828,52.90476948540291,70.25196769131917,6.652833737394723,pomegranate
9.380821605132935,25.69257360141533,38.368046954984116,29.11565033875295,53.27912608751837,65.06896847400918,6.961672895318856,pomegranate
15.185990397181719,21.174305402496877,37.453840454971775,29.03233887539653,59.49494757401284,75.55271147296308,6.695085648195546,pomegranate
17.601332666088588,19.01430334715115,41.59604090306169,30.408246031921404,57.352653192303706,68.48009091960829,6.574156946099744,pomegranate
23.659534135917387,21.873162181884506,44.31866536830159,27.197134598066764,59.540868629612035,67.14195483215681,6.5331318118376815,pomegranate
22.30455734729567,14.68226600597149,38.78154644259785,28.54762531511481,55.831333942147346,76.64574990297723,5.686930803894481,pomegranate
13.349172035844243,23.97785050363412,43.55189670261181,31.892050478024753,54.420435081503705,79.57955974459328,7.2791872267482844,pomegranate
10.858143448651363,13.369704771155686,37.608811102785474,25.159139591088884,62.576098089212124,67.87396340478792,6.254911890848511,pomegranate
24.94336081740948,22.60984975932564,37.20259573650583,29.366674282216056,50.39263122225757,64.41644186669448,6.912433510983972,pomegranate
16.620500075616928,18.00031117924909,37.78459220232742,26.875691851697724,42.272819796034284,57.526773134766984,6.552842992174224,pomegranate
25.50381298750966,22.74003936376303,37.50790603917481,27.744669833641122,46.61085090387391,67.94702620445811,6.415903579200263,pomegranate
17.634432856098567,22.379770601216403,41.88021271689249,29.102439282321818,66.01422846662089,74.27851114853222,5.810175697324482,pomegranate
14.416564590803452,19.75910216420751,35.72443903044938,27.494926014746802,62.07043113842871,70.63941533767576,6.076342346556166,pomegranate
25.723348982179512,19.187923355464243,39.74848294979289,28.42525931295612,57.566078141002656,64.11382468610793,6.521213394460559,pomegranate
24.974163483839767,24.926674825448842,36.07021673217171,28.031846618195775,62.62411841882265,67.91463666945593,6.029727064613855,pomegranate
17.408730407125805,22.38823136044978,39.5058005949186,28.078015079242924,56.3026654529828,67.77675603525016,6.675596953517204,pomegranate
25.307416167636823,21.703252866734992,42.519648721010896,30.247080387307197,58.652832673443115,79.0562358074477,5.792211823836715,pomegranate
20.138643686236033,21.607858828092624,39.35100833300906,26.29343440460719,54.33646502924978,64.09805381576349,6.618106200052287,pomegranate
22.709237088565196,19.038939058918128,45.10623879216225,26.95097679324853,52.002444259895356,70.63819692252835,6.359810275240282,pomegranate
23.971700630945747,19.308246672016818,42.558903716500566,29.876546508112096,46.856639360575585,69.56656002080808,6.5419907607291075,pomegranate
12.612653094468286,20.216280014329545,39.075500440910695,25.115899452456524,61.650877065132185,71.0040654205624,5.711575828406717,pomegranate
18.096307376279572,18.703043123793314,39.458741334574405,26.473974366130705,49.64543242699017,71.99139837019605,6.161894195239233,pomegranate
23.85694058019881,21.950671155474517,41.136546878973085,26.861935323961177,55.55649420699651,70.476163876839,6.552256767576907,pomegranate
13.569532771391396,19.97172487599877,29.071093068335806,28.244759915364302,67.34906532667308,62.21795169010027,6.216351017201877,pomegranate
23.318167653798387,16.630226646113513,35.04586591272746,27.52707681529909,55.76301102956422,76.94846363738691,6.3368431667008,pomegranate
17.591423286296195,18.946762739312785,36.60607926492643,28.59830591026486,61.83918051558344,63.34960714141708,6.095388915092872,pomegranate
19.720496607712292,17.67181079257979,33.13470031013248,25.334861741361895,45.71868853208274,69.4638577306838,6.240295360083591,pomegranate
27.154746919199717,21.576048453135314,35.095533025383,25.797591472457448,52.66682193499062,59.10293647166003,6.4725498300372335,pomegranate
24.399120267011334,18.713935990855155,36.66250101917728,24.055052453792847,47.62904813639655,70.6855476364986,6.453719356200087,pomegranate
20.755768784300606,14.297812739774846,44.188969676726884,26.995449171807806,45.78449435297322,61.13420520862966,6.275103143436216,pomegranate
19.699277621787843,13.338090029956518,44.204192504150335,27.96939225502961,59.241071125702476,81.48592954257259,6.39653915416123,pomegranate
17.45720560648499,22.30534981365455,31.659934564338705,30.156351968467842,54.69808349574941,66.58239110695119,6.102590242532687,pomegranate
14.770640861992783,18.759307372293698,42.20882831995037,27.963195639330074,43.46888624663985,64.49707630149264,6.6796525765085475,pomegranate
27.340188142673966,19.400289738817964,41.826438154562446,28.007548380275583,52.98103373641094,60.7889738491171,6.178858511803274,pomegranate
14.634276276190128,21.853658534510497,44.08462483500655,27.621679621510623,51.815808737062895,78.07546585719788,7.275764834604426,pomegranate
13.009079128259788,22.239441553384907,40.65855182356369,28.641132708378603,58.46083848043381,82.3111337414035,6.455671885298088,pomegranate
28.611731578652666,15.280904848506054,43.654360010010635,25.141719999923204,47.90606274096575,73.35137727855577,6.751977818849989,pomegranate
17.684401164407852,22.23753272008615,36.51346589851315,30.222134497435228,47.59801094214514,71.65539579746509,6.600137784433921,pomegranate
20.840400963556853,20.005444515730126,39.42192490576006,22.850372799245747,47.66260842978517,77.97941411225784,6.743200692940709,pomegranate
25.431343040635923,20.247994651805662,48.09800216475432,27.721576895119565,60.15422647677235,66.25323807842486,6.307197864296508,pomegranate
23.61966036390569,14.214872957454933,47.31994179276041,31.68501161701811,54.9678820642045,81.02871976733479,6.312429185448086,pomegranate
19.00811858090777,20.949956207776985,37.34390776151028,29.407861051884417,59.46614139952879,75.20392339940011,6.320478426983487,pomegranate
13.90674511792748,21.667389069712545,38.30130340456333,24.766332617258428,48.9770327819786,67.71697448088216,7.033288876296036,pomegranate
21.52411638995026,16.48111497869548,34.81853716295472,26.014290531386834,49.900443210226044,71.28182639670509,6.889364607752961,pomegranate
30.82655264971752,27.06147276346747,37.68453719437834,29.879893363926982,55.49287628965926,83.92768873873864,6.680164504395106,pomegranate
18.0187424937525,23.8569194619398,36.19856735404806,26.74303033433759,53.43434934334359,67.85797784302761,5.771298160729045,pomegranate
24.052879668130164,30.680957641922284,34.0515708615047,30.705930811484258,46.51248767002141,69.34181335396536,6.209452976918934,pomegranate
20.752189780479583,22.092461448821155,33.797098858785525,27.67259837425201,58.685186712910095,62.57376194108238,6.933827204143782,pomegranate
25.139583812228786,18.103563314092895,46.807190249561344,24.11275267576402,51.926787071867636,74.28341699806721,6.831214352871191,pomegranate
24.40654227775394,23.918409723933312,40.18913468748924,29.37702630830594,55.15002935095679,58.25546558580543,6.816441733503653,pomegranate
22.277016338634084,19.49541687603195,37.22863163608543,31.89401839701466,50.341647699446206,70.57742773966324,6.25433155882655,pomegranate
19.78201389992341,24.544379449369007,41.96756521557687,27.384550266653612,59.06719136434886,77.45242231081019,6.47655174404415,pomegranate
18.279050721394572,17.099327171869565,30.91207328021089,31.10189366665458,51.456280290168195,60.72711423795161,6.2025955815520675,pomegranate
15.446672943614029,24.439727686295843,39.58660554164135,26.04655627796401,50.97103894887771,61.994742404953996,6.893590920932069,pomegranate
14.286039595507987,20.328114865844665,42.34742285714555,28.736379876423037,56.131006768624886,68.8867141157786,5.6779414221129985,pomegranate
19.9328067437149,18.013829456492783,33.65996948420675,30.89449612390126,61.28693461342948,67.01361830504419,6.62509801393261,pomegranate
20.015078476689933,12.440811215555687,37.93626704888328,29.741256543282176,54.445887696428244,62.019792356752006,6.895895309900359,pomegranate
21.39729813566287,15.361250027916594,37.26793225694884,27.155122060957027,50.08076405201586,76.08049491930728,6.310275297216168,pomegranate
20.547975402292547,27.13627789457542,36.78806330965446,25.793809882292244,55.00579895438283,66.38999875536474,6.383014796199907,pomegranate
16.353170452685962,13.80241994009874,38.110469120743225,25.41386100971451,49.49211398441967,92.71921008577964,7.348060872048446,pomegranate
29.50683143454385,18.768956321140703,34.7275496589974,29.10937673645475,49.85506169634074,67.78945328099242,6.17370490401593,pomegranate
23.575563603115754,19.57436176910043,41.551772866491994,26.785943100951105,54.00839280799296,55.49694046496161,6.464737020542277,pomegranate
18.74878742605526,21.666596436523367,37.74391244407195,26.011622507692866,55.391075571437035,81.68264600821435,6.449706645027772,pomegranate
27.12907449290376,9.993060565542935,35.84105051935879,27.461608308096046,48.33541199604972,48.09469093758689,6.516890461754196,pomegranate
16.020548054662562,16.786756702418586,39.31843697106435,27.5643971364131,51.89107107322541,74.95531440256363,6.225004736338424,pomegranate
24.54669487429165,24.89698047456533,32.40355366682069,26.24997452809163,59.61399322861588,59.81342441804243,6.298129858457815,pomegranate
20.63064132618952,24.006859310400145,45.634083681532346,27.714424044205796,57.70418631799054,72.64294903917461,7.069817533292791,pomegranate
19.950089949025973,19.460470501082384,39.05415083810051,25.411011616927922,48.49636265762899,48.479886258565756,7.014618104152272,pomegranate
27.84404210586396,13.111778340482612,44.07448365872553,28.803341734253937,53.99230515500864,74.96811179897287,6.4643956838736525,pomegranate
30.604840943505707,23.628772914436155,36.21813448798967,25.828323410186186,61.8951215078268,67.87587576183189,6.424196320196457,pomegranate
20.59679547772538,20.26602888640547,45.549938617711874,26.110923786500024,43.49959921995837,65.54911131513667,6.221830532565532,pomegranate
17.452061059107486,13.346379819793675,35.474265698272205,25.08881832722387,59.78972055520853,61.29592316776193,6.4196347947633825,pomegranate
25.74841192217029,18.640466946123556,41.796938110254615,30.012757379386304,57.87588442097682,65.33483901152044,6.135324980451118,pomegranate
25.163690434071967,20.75234689794432,36.5538969401414,27.29511023469806,54.74074410760181,55.77796752556562,6.668961035777933,pomegranate
24.178029777683395,17.37716553818728,35.963559231004794,27.175258200808937,54.00715053565009,86.13569264224707,6.797609795240703,pomegranate
20.717044205241667,17.5448681828521,40.368907530761945,27.631320719816664,49.18077411939174,66.57769037532596,6.65439237747646,pomegranate
15.717057167038794,14.734353772063077,39.246039296610114,27.202043942411326,46.393669737713054,79.51401800981608,6.911501975016272,pomegranate
28.341819214576773,18.172826082888037,42.7387553282454,30.45156668473854,57.71032103379214,79.20618331940966,6.555973474926762,pomegranate
18.05259501609267,21.875698583439934,42.36144628558967,29.361405442137116,60.45431852819944,71.27099047231958,6.424913448344119,pomegranate
24.713753131887913,19.402360974397688,36.06060184841474,29.896141077832812,44.33017290696344,78.96343370043132,6.795965231392539,pomegranate
20.00181846624776,24.568610592670595,38.07337250501724,28.600506377601857,47.819265267955686,60.12698533415242,6.655753973349245,pomegranate
18.355062440480797,15.421851880668209,44.454983259830435,27.836523332313714,51.66680815537652,68.69446278382742,7.026541222948003,pomegranate
24.315068783413455,20.209049536476165,43.0883064803737,26.83800279032394,63.996542509838335,80.4751992654834,6.374387480776379,pomegranate
20.79894739896121,23.687297459286974,44.63137548599884,30.01633694040819,58.42505083025789,72.76452499925009,5.942295603667825,pomegranate
25.852435162697006,18.650345992506416,41.17577433326835,27.944724046510135,60.26118162826114,66.61381803905294,6.0924086178340415,pomegranate
25.869361177561302,22.7870901454814,47.412412203251925,27.909918068809898,56.701589782506694,77.22248498214917,6.143226486664293,pomegranate
13.808171480999466,16.701790051127887,36.93217767904104,31.563050062449044,67.84359455701946,68.32402421325675,6.53248386835778,pomegranate
18.721705632173695,19.026249699807575,41.642395293531315,28.681081791429047,53.23754885839879,69.1156001980551,6.288470855880904,pomegranate
17.071129385729453,18.398860179455138,43.31903842116607,28.971889051915447,52.37502954150954,77.76983368305308,6.521093557020123,pomegranate
23.827266037955813,19.239296555530103,48.64664514368897,30.794692912386402,58.63154154875248,81.53441203385393,6.274020872762836,pomegranate
26.960124007978138,15.102281202524996,40.38390823442879,26.773161825781777,45.46770197901923,59.628098490580385,6.347684147044865,pomegranate
21.948792155459707,18.51892448507559,44.5022709349298,27.344659185000438,50.37108151411387,80.87257041087804,6.922429025570775,pomegranate
19.016034945889906,13.549453525775121,34.76664370980913,26.966129033550413,55.37843333076135,79.58725576839075,6.525059710886423,pomegranate
103.49011534572236,84.13584327246036,42.91822087812738,30.25045889334755,82.59959320682346,189.4370013971708,6.74176799989826,banana
96.9981574361617,80.07340523967912,58.219164156786455,27.65886182306302,71.9365279184541,212.09737760913953,6.14593100966986,banana
90.36024089298307,79.89197547437922,37.1440802410603,30.090506822756907,81.73983323841153,157.61004644408547,5.965017636854525,banana
122.2954771476721,89.27689130549034,48.01303534884763,27.66612953180271,77.00663279349611,205.56963834798296,6.471198678556864,banana
106.78093026326098,78.04184753945003,59.259517517754,29.164332926115392,69.50766582737111,172.99918841412355,6.830770598652403,banana
78.19701797949789,69.83575580841344,53.28810650543071,27.724845788634426,69.32637101669212,116.93752667499575,6.0839992845020445,banana
114.16202898605052,70.39483733556374,43.117654792268596,29.54916463588245,82.01289160749243,164.17468609925396,6.078291499301372,banana
81.78379189531232,79.98501160242711,45.50991494422981,27.660411382755207,62.754924239428846,196.4981373943006,5.554064758500381,banana
83.80635858606901,77.68768681644893,37.88552075962364,24.770088407403993,70.28011970588074,146.89823001389064,5.952782887875265,banana
98.738406340704,96.35276099429774,55.21749502525424,23.081291252333674,73.94008388008263,164.45782996245666,6.359471384429608,banana
95.88517349803206,83.36363578294001,53.901286354142684,27.22036055466106,66.7292592222507,172.5304762316741,6.417825864838038,banana
106.82705285505978,78.20433204417748,53.99905477751419,27.804999909366323,68.53266898639832,183.1161289850657,6.492244432107,banana
115.72401597786316,74.37834651307284,50.738195787238574,27.522477614322405,68.25171818779154,185.7425846989112,5.87268959083092,banana
100.82883815738299,73.59163745327733,46.44513215847533,27.8765000924435,75.40380766002514,188.91110999558418,6.057016841445297,banana
96.61293202648392,83.5145418358386,47.47813995198896,28.04204558909319,72.12296346845203,179.06566584144437,6.488193100803366,banana
109.73823626100831,87.84377275834603,57.275422392514656,28.30020026667797,79.95910814947993,174.1989420785524,6.552539112241359,banana
109.06173960615408,95.97047636142895,55.00101341893739,29.35619725600417,76.58181303359898,170.94627495657153,5.973487861215501,banana
110.17768978589706,67.69888159410253,59.38470969317634,28.4125883200329,78.0733373633009,197.4582008762759,6.287742767150978,banana
99.01498958616395,59.36895716791187,52.13504626867885,29.12631372243078,67.6653793300757,183.45458065920022,6.16373081938205,banana
112.48517105044328,63.62812112566521,46.66649094800653,27.60588572341161,70.67877059440748,183.35912633505941,5.479700188068717,banana
72.78927622180831,79.74577892855962,53.28662149037116,26.344985111514884,76.84337278600952,185.47115301814395,6.401723706267405,banana
100.92464133075315,63.60467073311156,49.9999400308936,28.25510442218982,82.50344299948493,153.0355898530388,7.00211971256553,banana
98.98947939627843,69.78426368370235,48.3011477917757,30.236621844256845,75.25818348876824,166.44969853855486,6.4408200204596096,banana
111.74740568310989,80.05487567058894,60.23710460408357,32.22351983933363,62.896242106113334,180.55464092034217,6.848721971328097,banana
105.98396966931874,94.24823360849209,53.43028500585627,25.1095078972115,71.83884444642435,179.83310253822336,6.667629922375673,banana
99.24911818298352,75.399937894562,46.76042351332413,28.377041475175037,76.03324180627011,221.33610448002952,6.151453498206358,banana
85.13625895973,85.9366468431359,51.632283173787116,28.34979548206613,71.42789797102877,188.4706340426675,6.030048644680476,banana
93.53047762536299,74.34830323972933,55.87317170346248,25.13154017494636,74.55499517821241,175.23048429254263,6.461247818015535,banana
97.8707658736021,88.76305475145509,45.41474254761751,28.864501603704777,76.38077348963782,181.53114123661962,6.747655939618723,banana
106.38008075724126,82.56766935708616,56.58908323559207,28.7735288656936,73.74672740451031,197.44221299384205,6.981582344007061,banana
93.30769155287152,86.18299405045295,50.81641643612422,28.189701237132734,65.5711001256534,168.55244983880166,5.918896558021136,banana
117.2192978861943,69.25892208042305,57.97254913374038,26.103782716803092,74.13077340798107,172.7504487880201,6.005342370846946,banana
81.29504145688087,93.35220636779458,56.744608057698,30.40877273668199,79.83420146605737,196.41569059103986,6.634449881747123,banana
90.83041671966494,85.48143675355686,58.7221818024003,28.704201001295317,74.10994360408236,164.20579613823347,6.107462674533687,banana
94.40353579696419,51.32347370220948,52.846875717989455,31.050445548362884,78.13931745882218,183.19204950297143,5.946291417643634,banana
97.14367809230184,93.47555457020307,41.79461076646719,32.53066696944626,67.4897715631037,195.50971172439563,5.96580826574999,banana
94.62099870830602,59.33451254319246,55.69539813706807,28.860186111339832,80.37744341180894,171.08761183650708,6.668795178955229,banana
102.22315172534253,78.34234191182883,47.02252615657667,30.48008756884114,76.82015417516956,187.624299837005,5.682326223553966,banana
99.29569685821446,70.35274034089187,45.16285277527355,24.293554032596376,77.95989188769074,178.0738873139384,6.201575898945823,banana
88.18450973209437,81.78308280148818,44.03012184361779,27.828239167110333,78.1601780314737,186.76022765616506,6.4071390669835715,banana
91.89488236359558,61.359448699695974,51.671147115121016,25.866475201374396,73.39934316697791,158.80348016380898,6.118677535947183,banana
107.99418716428231,76.84484264097901,42.65501206967976,28.290676536573326,76.34394686672374,180.37599867986162,6.298569667309172,banana
114.86319140983287,95.96996797925014,54.27547976316441,27.299020601221887,76.81037923443802,155.0217653603811,6.204062136623713,banana
122.34617031611555,79.50380231081803,49.93150745652967,26.432741595091095,80.57779580250994,174.89329057798824,6.306932543379736,banana
95.81565293715951,68.3518825334444,48.927131465442365,25.982394999090445,71.6130506297083,169.72032368428842,6.802691818183316,banana
107.77308834710058,83.02611493480309,46.225658846261105,29.217672920051626,74.32411131156907,201.99522982031658,6.1228754106989545,banana
120.64041997687289,77.78342435385575,50.542416266535746,27.06851289677685,74.8696368519402,162.34721819628547,5.798278282815014,banana
80.05165416688496,71.92760363718467,44.32738021333653,28.575846325379374,71.7764065070317,177.20042864204194,6.658853817931545,banana
107.11999380027466,64.99245824431294,52.43420425779688,29.204354056048395,74.28816209125183,162.9285433523092,6.326829547140221,banana
96.93029854092732,82.56176055255756,53.488235840669816,28.83949155780196,72.53807740669993,150.94491639459028,6.233697226091835,banana
98.51467466923658,78.41605413213938,51.95284504057781,29.06855021057167,69.6156088023156,195.1928164887061,6.3226669591519515,banana
101.96147272975044,80.62690207034004,63.13494362792196,28.903351107323914,74.5748575061736,151.4141244506601,6.105585328337444,banana
105.81518592193125,67.80278086015971,49.11635537030575,28.28409391818917,78.92841317107742,152.90501744518886,6.135572551057667,banana
97.17130459813929,80.04176342833071,52.50693765142402,29.75523641242816,80.48680705324823,226.71494918783705,6.277216176907127,banana
105.48972600516996,78.80203468595052,49.52538436117316,26.18903277985599,74.11197904770061,168.32694243538975,5.753142336920775,banana
101.89387833024422,74.61741301559086,51.22726969215954,27.430587920968986,77.52303492433684,205.94109775633922,6.384739507068283,banana
95.71964154483447,76.4670386169565,51.267688454167676,27.169705470501086,73.26744053651765,200.62500598669186,6.300091215469769,banana
94.31883704541696,81.80193699863057,49.306611460084234,26.98692695315519,76.24795030768868,172.78444818322154,5.992530531328278,banana
108.57022402794593,73.47925799680033,58.33657535238511,25.525919847300365,77.31880541699246,187.12132854898047,6.324835877173366,banana
103.5469451687077,88.68184129300985,48.454900263087076,27.24992383210686,73.33215040179378,215.83925669754314,5.835606319699048,banana
112.95180857642255,72.02381963785099,53.22222607548402,30.212403241232742,68.88751067798933,164.09438610456684,6.504618400572113,banana
114.41688744667704,74.3625482766921,60.49202782836706,27.457006091651806,76.90883663872472,202.9156783589102,5.94112643055723,banana
119.976569434271,72.83029429288746,49.424263616174855,27.22623317205277,86.62749758928683,180.57306793491065,6.503999066355021,banana
114.09153415030411,75.91795789051254,55.39917850873912,27.371490437721462,66.36784377913565,173.34173439047763,6.21765290224792,banana
73.16559998029085,68.57425089686035,49.53503907384784,28.856968652548595,78.16638862348579,179.62540257555497,5.969703593048586,banana
106.9596179666887,66.896463221229,54.2488527259745,24.954342863852652,79.57142835856547,163.77576426735172,6.745368640648491,banana
94.88345677496771,74.06130455790145,43.86398633861634,29.14697031905696,68.97264343992288,175.3254932466479,6.349597735975787,banana
89.34521255774449,71.22314507978822,46.94089205009345,25.285164606629618,71.38584238556005,179.69746715179804,5.654584514065236,banana
100.08446409695843,80.72420524700215,51.11535901954717,27.98575583086309,63.26442325404541,163.76995343211314,6.3078356035410765,banana
97.99470102657182,69.09463160715481,59.46255546976371,30.47621081285862,68.13391123292986,177.2164607793272,6.387628612147172,banana
119.38067448848717,59.56789190929489,53.81943136537726,27.224802310729384,75.79635062160717,174.61181290409047,6.78014815968001,banana
123.37860737455107,77.33395910462079,44.4010868168839,33.106046007880025,77.13268430259063,160.6275375449474,6.592718564302976,banana
97.55157910038386,76.79245457558069,56.33433491948762,24.551380975303175,79.68166796846158,183.23546186451577,6.323258414896037,banana
102.28857512900696,64.03725911907145,45.36770767336293,28.747939483942297,77.56403350104047,178.79047005873252,5.619275485810543,banana
96.78437664520212,72.31918031299077,45.376561240421736,28.957485154741367,76.51072638475966,152.78952600869053,6.153342561396759,banana
106.80060087247718,81.80034326455501,48.958644246636055,28.01684218543302,69.08508502056213,213.9577972649368,6.245156817510317,banana
89.54725193882824,62.25734281306337,39.36095424445,26.744441552452546,80.15754726775783,169.66313397217402,6.1071744910010395,banana
87.81062675712681,94.26953490711158,63.447905471980235,22.527016514916177,73.14023982859821,188.77554812894692,6.370921849383132,banana
93.81638832632291,75.41018065991949,54.01964823501994,31.02786196389477,66.05821077865954,167.41972590293395,6.359797499561236,banana
87.67200592515532,74.6800280966028,57.92985151676448,28.56004983196381,72.34569922961592,188.53946430911367,5.72324048073509,banana
101.956372396188,84.32424554937714,57.20215583822277,29.277080705875413,75.6803258244245,176.473388977684,6.112143160069846,banana
114.68162329360325,91.86968482793738,53.227972911004294,28.070456979454946,70.70367150148445,155.66859166316775,6.040698873452691,banana
109.30724834588403,81.53545270949003,57.65644709702477,27.62307374333821,66.8625915148215,167.59762730746172,6.491763173424195,banana
102.95267689847579,81.1746916227387,49.72788285553287,26.988076007955694,78.19254784769944,170.4938903432764,6.337630269896401,banana
100.22340934372185,64.56030901799797,59.21901836924507,27.490510387494208,79.18617387617074,190.57454278218938,6.191328848647755,banana
94.47039379465716,81.9357489854941,46.79789829448005,26.32456850482592,72.44496774290313,149.86671556223615,5.84670151580878,banana
98.28415023215793,85.32963516557244,37.849891408777786,28.956026699550637,81.63190420072023,195.85323460127287,6.674987278023315,banana
85.53349760370335,70.69837379283553,41.53518871009674,30.730729818741608,85.91542046533289,151.076867081242,6.142196796411107,banana
83.92048526610087,61.96443696732846,44.28124254560636,30.94554623219622,72.49205832225877,194.42217021583318,6.429526423334762,banana
89.97915162324858,92.80546321011899,43.4363889172376,26.95834242712759,77.22035216652074,174.53454464324764,6.111647136035373,banana
109.70943923852143,91.03756702392488,39.15689204233,28.056260590923976,81.31436135675656,208.4186075719642,5.317844762391785,banana
90.77098007392277,80.80482286780533,47.48731254841348,29.440754250831105,77.41863676328495,189.77866693745452,6.116376270054822,banana
97.85500232811332,88.95968921208933,53.193328064166494,28.668306973690008,75.53074280820528,166.22801326133145,5.934608602114311,banana
101.54326001088093,89.94211600390572,43.91430253671111,28.653667581476583,76.98671171345458,175.35333626671115,6.158358643725791,banana
107.68452593625199,72.47332139715326,58.3399218474883,24.507639935705374,78.29392486637177,192.4672102321274,6.684150791013976,banana
75.52030272481468,69.80695916782861,56.47695861711197,26.439209528739035,74.85424265990963,199.3463396213181,5.826348603692966,banana
87.475484202644,70.51798418519553,49.74707293137872,26.50358725136848,75.2732851888852,177.95069177630805,6.374976172313731,banana
92.06809618053543,85.28514157467404,55.077590744524315,29.777887831975278,77.19404645948367,172.24721391900357,6.236413436247685,banana
83.18272273306727,82.92948825038141,55.43111231467251,26.68688612368338,81.96050779182038,194.9944941475146,6.887468269783215,banana
86.5479318258417,80.73136452552086,46.02384627820834,27.17051778791369,78.84494791221913,200.77066772420847,6.190960092368588,banana
95.97005031217955,69.56915128911508,49.70269424343842,28.549957919465346,78.14499020430779,196.82779116968095,6.004316184552047,banana
91.86753270069535,92.76366090983845,51.590598574469915,24.571309229729305,83.02056841058297,167.69500135529535,6.4837588979266165,banana
96.05430880893164,80.53233440700579,60.00924490456246,24.35733618040856,73.39478824902822,166.94612491680485,6.103763008562525,banana
96.22464906806243,88.87177258014387,52.57775043672066,27.055983181878354,82.530328026706,195.15951180709257,5.891155271147762,banana
95.50114962837608,73.48780547572169,51.28110515324358,27.2295345778353,78.7286472915695,170.45751307292318,6.204187682876231,banana
92.80613886840497,74.15553282364277,55.076018459764015,24.980106207964305,76.17148758356477,194.79635254683257,6.657722414704868,banana
88.72658674467283,91.6733974276346,49.349750496191696,28.18129741250784,76.39096146592598,156.2503318666225,6.658842689534797,banana
108.36864225223385,73.68433128530884,46.45276453055876,32.71245935384366,73.98843770809884,178.67681633474032,5.628774139365034,banana
97.21819186866075,85.01125681708174,46.72419642146335,28.290189028165713,76.61578445262974,173.34342903737397,6.551113515618301,banana
97.70172314217331,79.18295547828512,49.9332335425592,24.40013369800385,77.8892637470901,193.84058465851348,6.47155898633057,banana
105.33419008024676,79.17087437837344,53.26741884967383,33.45269045143115,69.4896810666184,190.87699751365778,6.371455593283475,banana
110.09876387861873,66.30770774985919,62.081619414243534,30.58174245877692,73.84193659378337,212.86817666424514,6.257865687281675,banana
125.43474820786867,82.0772083440724,37.93186672737829,27.94729263590491,72.73496262289433,155.2657524715329,5.853897874951987,banana
103.3669930196673,72.8093626323489,56.00831792121142,24.631876385642137,73.76543498512427,188.4713490799726,6.342267378959745,banana
93.25766605404378,82.60539531726945,43.78885768966028,26.595027142655272,67.89619744687404,203.5468779773866,6.058615097604006,banana
88.07508707075965,77.22898061707616,58.169332111365236,31.51610553770831,70.53056620456655,212.58144613078053,6.181537732589775,banana
113.81146436432078,88.43927874140634,45.3996271539451,26.626340689279452,66.65579661963756,180.67865426869116,6.343934621442296,banana
97.57198506064414,68.10670831136011,52.72355755109387,29.62027441578057,75.84245491562208,168.77365827525412,6.318863828665926,banana
88.7195550572983,82.64459101856512,52.266368898258584,30.12176530515583,84.29274949675492,213.2195361183755,6.509804058628175,banana
93.63049561747567,86.41213685551756,41.54118075054735,27.986269820110756,74.38312737280536,170.9571491411619,6.376622029917262,banana
18.27503802677072,33.04787880951788,24.305126755090214,32.80322297668928,61.448156760537174,90.06304055119855,6.539854016545203,mango
28.57526927849133,24.39184529348134,25.361952041637398,30.105119566987444,63.97738675907455,107.53713362506078,5.907900212138321,mango
17.075676227229494,22.87687912717562,37.158525578026,27.404887294659343,60.69120209749355,126.90981322262424,6.677439884453884,mango
25.383041676513667,28.406907782339303,18.666851617492405,28.0726287136146,58.76585242381403,81.96385486177651,5.7723144671424125,mango
23.994965454391448,32.686771297478074,20.73502585636374,28.76759406493994,67.2846001943169,110.52622458883394,6.005659052770866,mango
19.848849220796136,26.645260130753982,17.480180479325263,27.918083163088266,57.21523688050219,76.96181464409712,6.221632026390056,mango
20.50702058279047,26.695849605711754,19.797686243572194,30.07894668934328,59.01055363519442,98.68603570246694,6.292482980338167,mango
11.31453134044076,28.45576494217046,26.86526054050589,28.94910162072842,57.358330664069676,86.46330623279243,6.641833405213939,mango
18.139357151501027,27.303970324672594,27.69016544328767,27.995481331403525,56.34165931955871,98.34437728139648,6.6152832204072665,mango
13.100124710645233,25.749980513728964,19.17851817910519,28.26954986194488,71.54621698044204,90.07014031566484,6.141640695493849,mango
18.35850268245056,24.10622865901342,19.791929250365914,29.683836960786728,63.18614803320141,105.07740155004217,6.62180437895421,mango
18.91466805044803,21.214187855675693,25.136952426784685,30.04908810729809,55.768949490529955,97.89613349410635,6.504151270349736,mango
29.056379911707957,29.512848004672573,30.41168345613264,30.406925808834615,56.928048101196694,106.12429612555371,7.0336693834819926,mango
16.037526440863292,25.24378730404605,25.516443121681345,30.121663477551422,65.83279649373506,98.01865249634373,6.445044492534054,mango
32.59614183308313,23.07920447839864,19.50895727366246,29.278494656889258,57.188049379020384,98.30913208567742,6.4582877726530175,mango
10.870705559012176,25.34434869212297,25.91730560731328,31.369809495009193,60.86363379836538,111.56322526075195,7.074665526813751,mango
22.100918507294175,26.847251710741073,23.680765413644774,30.245048648535338,58.34758578380751,76.52118889759078,6.455748633870323,mango
24.557076528914006,28.54447452047658,23.92733295428941,27.41670073947062,58.672595072759826,99.64669583903671,6.090586304300997,mango
15.970087135187864,24.67885024597288,25.863324858468673,30.1545044825627,55.97495058808943,80.71717062970342,6.43215118088624,mango
23.919796351123445,19.09875772960395,21.577329200148963,27.65820378152314,68.2319810103796,111.08331370300924,6.384020584362242,mango
23.112624488495744,22.18047829053926,24.8649632244544,25.321235012211407,55.102978540138395,90.45974992955065,6.09100888561214,mango
22.224199303628296,21.023088473241284,29.029203845965966,30.112711567189706,61.18858709430023,111.69941132115589,6.58818555799692,mango
17.15027871942759,23.26918605389419,27.66807726114752,26.448990603525882,64.54840263612614,97.97533813087745,6.716546683272974,mango
20.47112935222979,21.879515252173352,31.351392391226582,28.513424183950303,61.51359329643195,94.67692069912866,6.21848058309805,mango
20.376728588080077,22.991861371459926,24.752596747675867,29.269044446935453,57.33924706857285,109.8448020074735,6.710060003521515,mango
11.782944215822978,21.34438189000301,23.508868713368233,27.03577769478288,56.34662100399372,106.4423485788858,6.670229578238888,mango
13.541865171058776,19.799063083597595,26.004905707376487,28.39195959163062,64.08759878838922,93.46425299953174,6.511923189246367,mango
16.504504992694994,23.86959620065081,27.397481465785322,29.764428613201954,54.443882369134535,110.43855307141544,6.477612659860457,mango
21.742842688771905,26.72308369550823,23.174690232396216,30.740202259114696,56.36720793829829,96.216329755957,6.07304834987459,mango
13.817116523886117,33.78635331639996,24.333754810869557,28.17733563556683,69.37631419846292,82.57540764952746,6.926840590327071,mango
20.983463707884965,24.443411098022477,24.06808714510121,28.40103778070963,67.44469841290247,110.13521838864742,6.453083698674471,mango
16.83949775002495,25.093840579973786,20.95574677895347,27.37429861344057,58.49480679214036,92.39040655317106,6.273046334832642,mango
18.546069821956934,20.84252941812558,31.074553978920942,24.745356374146052,63.49769536903185,106.68696394476694,6.437052877634327,mango
19.34144822514842,25.552362980053378,25.171199657849236,30.39454641280213,62.70906675249388,95.91254543737077,6.15401238575093,mango
21.25248854473709,27.284774238538997,28.136746301474275,27.894435066970654,72.37803373008514,82.68943552868033,7.144867702082798,mango
16.76172230449116,24.573397252381007,31.99981668310864,32.72126119917203,67.77569037515286,107.96311268940323,6.6421023433414135,mango
14.442235889695706,20.238064060257596,24.69496245820245,30.212699146858093,63.601597903488,108.46216948310204,6.988457702789812,mango
25.67351676130335,25.159526322033884,16.63500079219702,31.01799169283343,58.9001139335832,95.17353471243669,6.5586918195774775,mango
14.825233982290037,24.093878981720486,19.208595803374454,24.3556634971189,56.46296115212352,114.57619794013874,6.541439239617461,mango
23.09456701165874,24.52366946442513,26.593317528181696,25.20938630737747,56.34986700786463,91.21922753742751,6.0192043200875975,mango
20.441122574347247,26.55071379039185,26.38821953570071,28.875553569081177,63.47754163613585,100.57500397916101,6.594236904895355,mango
17.654581090333124,27.16722685322945,26.670948502575694,26.93611981635451,56.7017162441307,110.64997314607824,6.04043468738239,mango
18.33319444013849,29.07276420914991,27.68906969429403,30.951900011579745,63.01440882831446,96.38969666867587,5.877190774626744,mango
28.21362812459862,28.239454647209453,21.455968874696545,29.241997186636635,56.83079417695862,98.95771249942688,6.706428632641521,mango
17.16159258824768,32.562342912801824,23.654267065948666,28.093394049670312,65.88883691974056,88.39805475062019,6.543954025108813,mango
28.461406252450814,25.371295331915764,25.888948357888353,27.845517768346408,55.33070359459342,97.76448631657382,7.296789214138007,mango
23.67160363587276,27.142421464535065,27.762098328827157,30.91650826012897,58.34944435993644,99.83544974028104,6.477536579963671,mango
21.796650349853664,21.139184672669252,19.781678167585916,27.524660766448235,61.950258432021094,89.00477337877385,6.7697717634542744,mango
15.413928234197986,24.13821101675136,19.471307802101283,30.2259407692987,52.33980163363698,79.90064255908045,6.521972572400501,mango
21.297765345841206,28.068220576245622,25.699767343121895,29.84519009731784,60.92775380797597,102.05021569072588,6.981717034888245,mango
19.149826579935343,21.101931139005675,30.234368762574586,30.934462068164024,62.87272049363615,94.572494931975,6.668781461456909,mango
26.750960121696917,23.102028065062342,27.695745435801758,26.32361019771451,55.371643486467995,109.8152247692333,6.731082387797424,mango
18.6059744403776,20.666009750175693,22.032382530555378,33.095244759199566,60.310806397990426,108.6783486216831,6.7043150217479,mango
21.08902382705351,26.788785526717998,23.69812416693385,31.261830957526385,60.4534206936023,96.84961037273693,6.68900020927323,mango
19.86103085386398,26.59496895463893,21.62892474093881,25.464123048902202,49.02600876781334,85.2838760566639,6.14889607370159,mango
17.689176352447927,25.03011609755362,26.925124997067094,30.08636587685035,54.12586221955894,118.96022379831741,6.45997833029662,mango
17.609948115178142,24.61730807219249,26.074777585402273,29.70721091548341,57.25426839952524,115.37356094735277,5.954828047374776,mango
21.9117784444126,28.07919113992435,24.80225497560468,27.103145875847687,60.403410302439376,109.2917421933281,6.527777381491216,mango
17.912053512990305,16.834521655561645,26.210827091058707,25.10252550385552,65.49757269003973,92.23804545005649,6.904401223939407,mango
23.96045856098195,24.888291576530108,24.188973164157808,32.90389458056643,58.68207573406804,97.02009197563974,6.337090568838662,mango
17.005880126848545,25.040783906296035,24.392306117170065,23.62509616607843,54.75915977165209,112.7646149420875,6.801018443741042,mango
29.341745726376054,18.32168072616519,17.056825964398833,31.15989918231125,54.743810851667966,108.80500657873267,6.273785862842745,mango
24.726983056311624,23.732542559167563,24.42079820156397,32.0013827868908,63.79675362253244,93.55526084024508,5.529118272793616,mango
26.347949353591073,24.57797492492082,26.07929865845704,27.180477689497454,59.42309491299762,91.88810203047964,6.257921173080635,mango
9.914211218885878,27.92829086538467,25.867512935848413,27.408187872510485,65.77012469823288,97.75871745765545,6.345416599000931,mango
15.880119120432727,31.120150625105737,33.44906403682165,26.894649726844897,54.81571876359135,97.27265145844306,6.772393731444773,mango
20.21822707057556,24.325267004074803,28.155473671359257,29.415180682946986,58.62152590859718,98.17481564011077,6.372427742528588,mango
23.985004594482092,24.923396631806984,24.878866680077454,28.983273545365428,64.64264874652079,95.89278311990095,7.177722202768058,mango
16.52691255329219,19.09978039575746,25.95318179932538,29.70163317020105,57.85240706981972,132.8877130482809,6.652536058758169,mango
25.012146258000563,27.457508784270946,26.36549897320113,27.154759601591692,60.784886453930774,105.38287137973988,6.038690193182105,mango
10.768324138030431,29.883221674281923,27.53958701858505,29.9000601566212,58.61501894715906,108.17027756951522,6.014386300302111,mango
17.64344903755249,22.688478271326137,29.719911422641577,28.457219575297515,56.95286406188122,108.3656401615726,6.835033597220305,mango
19.466353758277776,26.60584509667512,19.858817872868688,27.855529632196077,55.34426617363085,97.2419867432965,6.766766859345752,mango
16.98633667366049,27.782686277368587,28.304494105918927,27.19048130238337,70.77549528443811,97.38255697856933,6.117371658849161,mango
16.245713214923775,26.834260416173827,24.19905882087982,29.253234457429162,48.28505188164788,90.90871841711336,5.983325270677773,mango
23.2019781994871,22.45664629194522,22.751802159507953,29.110696853042377,65.98469715307583,108.72503639954704,6.814233184821465,mango
16.945670404630775,23.665160938858936,25.13388338018375,27.003793099967048,59.55210785112297,100.62585737354463,6.752175810856437,mango
12.370233068704366,23.704344442948447,25.33075289781637,32.54430339233336,63.170760084410304,94.69993048904007,6.245082415989392,mango
22.712939777376718,26.90411670723902,21.435735604164687,29.208455532964578,67.61922512954901,106.12931433226517,6.237541687913613,mango
14.166393667011679,27.56095851376966,25.88617551949416,31.027054706640783,66.46176197967358,92.88952015647054,6.507344133743168,mango
16.478469781036715,18.014906267052805,23.91492786615658,30.638444137584614,60.56752594713728,99.9225623420791,5.968354821624147,mango
20.57607367244342,25.025398569027995,25.022309411243878,28.19256433472708,58.45864518845581,105.5466396478163,6.635282146083417,mango
12.538323846768918,26.242329472211452,23.729820635128558,29.23399835595148,63.67157449628615,107.0546579123772,7.144626831340482,mango
19.19585205385225,27.741992404181527,20.78084459778828,30.316763695645605,53.1925192309226,108.78691207749507,6.124965521956058,mango
14.817832621028142,27.34557547012893,27.943236142334456,32.38947574804792,58.3194679680049,94.88569488117128,6.476952888952415,mango
14.975289140969796,21.72628972010806,25.4941072481333,26.495540518372703,49.017341715515215,85.17054026116975,6.522960096087392,mango
15.203577798738309,28.907948305094394,28.245034569552256,30.297136020400917,58.93938551258102,101.08362602452878,6.065197787359152,mango
21.37343889469843,28.388931488432103,25.235020094544456,26.409471821537974,51.638961721626146,97.84662311875897,6.429334567944736,mango
28.561986515050407,19.34175941204534,18.71994998495385,29.641895903708445,57.61961185476549,127.89432639213638,6.068461613864987,mango
26.1363831127639,21.295659657843792,24.925378890547318,28.45936002366712,55.21051212089307,113.48611319089495,6.69643867068958,mango
16.19243907442361,30.113425592784356,21.627012955928326,31.683838324253003,60.92295763354763,92.13661206246402,6.523529653314518,mango
16.612448652040158,17.999505802620234,30.50600870259872,27.80973822854675,56.157132635414115,85.56216130931472,6.590641495240692,mango
11.864290820504014,20.787527390578227,25.77605215006697,26.589134840375813,63.04106096472304,106.42984455816817,6.811021376945992,mango
18.972024809301125,21.99077804037258,22.262681801815713,32.75497941582569,62.72277367803236,102.43405792929448,6.632724079974239,mango
27.329928632769573,30.776242313375647,18.31717240529222,29.498859997394913,69.02914313623675,97.87168017625767,6.472013168513074,mango
17.078090155774756,26.999035766857755,23.543664494051583,31.62060971033091,54.74940419236379,96.80272012063189,6.561468774154153,mango
18.495389490498674,23.724660793263354,25.88919517907432,28.361465913040092,60.572248553914534,86.38964016246607,6.928131150342097,mango
12.362238408150219,22.321070315256392,30.58702342819345,24.688728609162784,70.42786198036755,94.02902156471208,6.39552781452432,mango
19.932736580047912,29.290451411175567,24.397239459278794,30.306236833430933,64.81054068958466,115.60968026353873,6.582427649299329,mango
17.561459553219144,20.099444325658784,22.220749219630235,28.340022521755056,57.05779336924984,107.78873307603907,5.8115885119965,mango
17.397809462822565,28.163232605274356,23.519794532126447,28.776985218527354,63.199072365822985,114.8631577181743,6.925366921948446,mango
16.95709002472238,17.44188128201707,25.18165833337605,26.951748361365624,57.57585585515757,91.69230032148491,6.889271647993706,mango
17.967676748465994,24.214526826731003,28.85420387744498,29.865091118966326,58.634927668042444,102.69204756891145,7.039046027745341,mango
23.293805747631044,24.40204662642689,26.91254920283747,29.330323432269786,66.73194789728909,96.5328320091758,6.717746047355468,mango
28.419275386379432,21.70430274536164,24.945863831163926,32.11750185580877,69.21900195142766,108.3883127491261,6.635231153529356,mango
19.68616394599022,18.02638823353484,21.427103491175007,31.142108790777915,57.55395786915441,97.24696683786169,6.570731254091245,mango
19.37206222771308,23.165270215331304,16.215209930582777,29.809933140668818,59.89893788479173,102.45895452964271,6.357010774643364,mango
22.646318232630897,21.55296526161242,30.86714953750693,30.61319607961093,64.83092016888519,97.70244306911938,5.709135728517612,mango
15.747552472395704,17.97809635065185,25.14046692238948,29.775061751082298,70.25922653313592,93.04655755436124,6.326822814189548,mango
13.480597045704787,35.98896755543503,27.48258747629481,31.567961012006066,57.9099339291904,96.88163740062483,6.406863182878043,mango
10.818175271833972,21.925471557779183,24.849900803049334,29.57919325559076,65.80350053406815,102.64046125525635,6.281991469950119,mango
16.555395400778565,22.434447982033465,32.35460961435078,29.409752900430746,59.81434852299844,116.20451114932003,6.705625830334411,mango
21.859459218209206,20.418580395563275,28.86788932951775,26.671049484180458,59.519345002333424,87.35524512796506,7.064537579298644,mango
22.192691752471507,23.575020385746527,21.00732580674945,28.02408369257135,61.207935046165844,80.27220640377962,6.783704160777386,mango
23.806969522349316,24.580543303222868,26.48554528253912,31.009314531963867,63.39527403331044,102.58655575564475,6.286709591292426,mango
18.48258951012381,24.867161185469982,16.625364870253158,29.694496575052607,53.758399494588815,101.72985865437803,6.496549223025229,mango
18.620474140906772,17.81077445538934,26.845642068061508,29.482033255548725,60.63151562442768,102.710265082967,6.200644345397801,mango
24.729637816083244,25.120289212034134,28.324777880844135,27.206110338461908,56.47028902206362,102.87311296639999,6.5972970355236376,mango
19.993739842268806,30.01034340935717,18.48232591246014,29.103863161199463,53.08639861955476,117.38006721277526,6.602663347627154,mango
26.211525130024153,31.496691429755014,22.494921996504427,28.228248888462748,67.02081827678535,92.22096974680366,6.453637211356448,mango
18.474521524143352,20.519498443123453,28.102036255731065,25.429697751801932,58.0756449950989,64.2760658433415,6.456067164201037,grapes
22.65160592960816,32.11183683074783,28.28795530375798,24.401564797089428,68.1678789622841,76.88415721722019,6.827620022475777,grapes
20.896646762499753,22.976286465295786,26.133243194045598,23.571606260348396,56.765408063411094,67.88538986156517,6.809926935405122,grapes
23.09272448611027,28.155958823465063,20.6795884596851,21.20179418436815,66.23198830185771,80.58121639509167,6.643359272125747,grapes
16.390711788560534,22.02376089663204,22.565206973730792,22.503466306968647,63.26231849124412,76.49570214522788,6.648860986997659,grapes
23.892872907619633,28.230827025778293,21.100711163052427,22.21352315595133,58.80682073809849,85.81376979947599,6.5779581841014405,grapes
27.087448836295017,19.370658471488134,26.09408061846116,21.997086600469096,52.92354783702914,67.71860410283324,6.144106094886958,grapes
26.325849213519994,21.13230585713745,21.70042729015001,23.575510161832543,51.91585863778082,78.60231303603946,6.559121308120329,grapes
15.122055246387724,29.133900390766794,16.540784949547632,20.44290861667402,65.16146896662326,71.60818476635126,6.092729190936275,grapes
17.71605229054716,22.634250192841066,19.71754000636387,21.569285439353987,65.61441864740543,78.78672868995376,6.415142445561907,grapes
27.139299329575593,25.683164390954644,21.61191751561014,23.743532671988458,60.00264855334979,85.00891872677973,6.316723461457087,grapes
23.41649948591304,22.165522225268226,17.48369739823859,22.11405590507613,52.64942370535092,79.04702481426524,6.054925761890771,grapes
23.68277183127343,28.650812333612905,18.647361229916193,25.414362342063477,62.41146308287361,83.03942896194211,6.135324547132938,grapes
21.652865553706793,29.471137570058737,19.026669222719192,24.78311619249564,57.0927652256187,92.64488845813787,6.797729655367989,grapes
19.091680646838434,30.41603141017364,19.43020224516769,24.669569077731687,63.637795260745044,87.32967964203735,6.38458764572273,grapes
27.95711170888311,28.934212559090074,24.04565266942005,25.67416813415315,65.53103561963704,78.75445021210709,6.552891210277418,grapes
25.89838515754509,26.45540337461063,23.372464292700403,21.976501951881605,67.67391447238315,78.31385185903741,7.014246523166207,grapes
22.361702496373155,24.82450849014495,23.081277776174325,22.282921378097043,51.11236704869365,67.30047907385882,6.943778916907828,grapes
17.005666427572038,22.807806343635487,23.829409557230143,25.013462751775528,56.33140987222721,74.59234898738349,6.345410403225162,grapes
23.425330965219285,26.829582660849333,16.27678862960864,21.4333861548451,52.05376907962163,79.4274224293521,6.743589094215198,grapes
20.858115419809423,21.490308057678188,15.129807966544437,25.585632029961605,46.75449655820836,78.9482834098692,6.350892276270797,grapes
18.36069810720038,33.87211513703218,22.55406363885674,24.3869277578948,59.40196847613113,63.74507229947474,6.097636309723995,grapes
13.046135085304181,24.527565534003923,14.727441830474154,23.864347452302162,58.06233080268987,79.62083075876463,6.543771376361449,grapes
19.099820551479606,24.41768761510571,16.12516476745897,24.80834385878479,59.97232867389102,91.5652400730229,6.882625744227829,grapes
20.752774720277422,29.67317478635372,15.499058680868913,22.863297709914733,52.926764696792034,81.4006449333288,6.746734436727989,grapes
15.992889638052013,29.288832529335433,21.436300340066047,21.86829658335165,59.1748628501965,73.17090842334689,7.160713616862385,grapes
19.200245725882123,27.883134636599642,20.29733143753868,27.41375967854043,56.43190541341845,81.73000571141701,6.49802685600595,grapes
18.019107681314754,25.36539771022953,26.488338410453743,25.3837857428843,56.760610625723835,69.3229749867809,6.833038272316268,grapes
25.004774327587263,22.024693301514382,16.553062470349317,22.659345349951806,54.33537183206752,80.06825542837976,6.584016957106957,grapes
18.166609662120436,18.268642398886804,18.37875878973186,21.782681214324423,63.635413020372944,79.01537921135423,6.707369656673552,grapes
19.202590172250584,28.378899535811485,23.645342875481404,25.024599129282965,66.51374755597547,73.89893759901817,6.094930266627344,grapes
14.904049805549178,31.61349029524999,15.186916520570964,25.009994691364724,60.24688351148799,74.1459038140131,6.943558085067011,grapes
25.967175232872595,22.197790303429056,20.738222308263946,24.37565302414745,53.04666846663659,80.11445717681715,6.686147062420551,grapes
19.865262999419947,31.00416524152364,13.349646304280345,25.542467174389497,57.35307140655109,66.65524887660341,6.757210429479695,grapes
19.523534952995,23.043374664807413,26.837626092394302,21.430606767050463,54.1888269171522,68.97754614935397,6.606425340031383,grapes
19.955151496496587,24.7354174758973,16.263684570880987,22.054010070752405,61.61814264314476,60.568741191385016,6.706224464149905,grapes
18.886878123827568,29.416900608490884,21.688853040687267,24.95304172683268,61.11472612928012,57.26898181735447,6.63496597120249,grapes
19.351090292565157,29.253484090055878,16.7262328512144,22.0194411873114,65.28108053476869,68.75683077910564,6.75852159745757,grapes
14.680449478191829,24.710023500000187,21.698290136448584,23.69289059182124,58.66117667933476,81.98671346693139,5.813074054343516,grapes
16.653502386789704,18.238413576183383,16.29228513541848,22.418173391115335,61.96235583946327,72.90515079977828,6.699368887764605,grapes
24.561898358566296,30.745533330379654,18.838924924427126,18.008954135902567,61.47961772509208,84.38685569606942,6.069032099775661,grapes
17.48503526328652,27.655986420949894,21.91611828368849,25.176266319489706,62.711515272409564,59.561072193410375,6.772763256296954,grapes
17.859709334977524,33.67944429106975,26.677366416406734,23.76478017787969,66.5913480645693,69.58599170332724,6.650721915031111,grapes
22.10911466848042,28.550885976658304,14.309529627777358,28.25228684858806,61.84504302348155,84.6519839931351,6.391173030314912,grapes
20.140161506160652,24.55914614491011,20.452951758014514,23.602971569592558,63.46041664062273,93.25852617145497,5.98779012737607,grapes
17.192871169904812,17.521793424926514,19.012580348472333,23.73146270402311,62.313948489235,70.81544204478602,5.849738102863448,grapes
16.000837100657105,26.456697001137492,19.344639054780764,27.985355324250357,68.10220788064098,74.43577039618165,6.743310763665596,grapes
22.4973013101187,31.244240200840398,23.385288501236513,23.747621344007857,55.59420818117803,68.57527086118273,6.487522916637805,grapes
16.729800595036302,21.490118036920325,21.059666884322514,20.912161526974543,55.495905211677275,91.70807604597643,5.757768271643808,grapes
23.773890146193274,25.958529347010707,16.63752102918008,25.59883554406367,53.825027938385304,76.54836604945656,6.434415051259444,grapes
19.664149332465463,24.621469854031645,22.535436675612015,25.4725522628485,67.00759711889602,70.81652136489592,6.4807653107707965,grapes
22.281727520662717,27.541205981819484,14.011197709118202,23.729325132877833,63.25732436344055,88.96047705777065,5.895824340107418,grapes
24.149853299929035,19.79718339855324,21.492402542316114,24.014994549985612,56.802881974371275,73.05833974309016,6.658984887953092,grapes
23.745463483523206,24.678921354301835,23.899876568016623,21.536894696309428,56.41557475046521,63.35519107154563,6.550636262006779,grapes
21.43750716554093,28.05806625612674,20.37745421455582,25.651720758202213,51.113771615389396,76.33859015324852,6.2436108296619945,grapes
22.35627950484779,23.210520943134313,20.215116656496196,27.13949414130917,66.6921539034213,75.20519702480969,6.212094178420899,grapes
23.483553509445557,24.32099614252677,18.962132124618407,23.15415303700042,55.72503336247101,76.54082941737717,6.908963745538592,grapes
24.04479016343944,23.068717751131633,13.380621479032978,20.404073272911983,60.92172207001312,66.7745356693514,6.524515553847169,grapes
20.315049045138423,28.30187637560831,11.60823843061922,23.802460124299667,60.36271266411234,72.22643120617938,6.537218039499571,grapes
16.91391300853094,23.35691586592972,23.631824311795395,22.115508691160287,61.79880226180689,80.38905107872779,6.355251731774233,grapes
19.501940886739526,21.38880211635867,21.43402985540864,22.43886265090842,54.50039630043889,80.59887416362841,6.619099336524744,grapes
22.353062582909065,18.137314515680867,13.11256197279256,22.645619794410088,57.07841582646108,73.73169389941329,6.456980450614912,grapes
18.749414913082735,17.905885659016523,25.269919301927732,25.678071047378726,67.26745845546486,67.84708629897173,6.017367039857489,grapes
18.096241973660934,21.233087974666986,19.55658041125764,24.372078290738383,62.770150086735775,59.54130603650126,6.345704041503841,grapes
20.93107723652084,32.130318034771506,23.038896269515984,23.044461560186445,61.74270991339452,87.70473999665853,6.588217852275966,grapes
19.600924879225843,34.42326585678494,21.19214209505138,25.6109938624322,63.02474141538357,70.34634409045115,6.5193747696757045,grapes
19.081006338222725,27.742141651161287,20.423182676322174,22.507341204095926,59.638710715103905,79.06933420991815,6.608463678951268,grapes
14.295284119984089,29.461764584072192,24.82325461368304,23.89440526116122,62.08981244867027,86.44754055999438,6.750802260319693,grapes
20.32221867909924,20.867983626870288,27.50096696165665,24.348386776242847,57.73113652196201,72.18882090038703,6.444967084592454,grapes
12.93268768958692,26.871602877753226,25.12610993163733,23.326231090942596,64.08908592330363,73.26312536543455,6.494088944495076,grapes
19.59474487095699,27.66142965846403,19.476724074925926,26.910263546269093,55.91808978582948,76.18640811877007,7.261929706855164,grapes
25.764084117307554,20.736491302663907,18.281008573394416,26.064839635417748,56.6168254468022,75.05043941236019,6.565183709284833,grapes
15.99953470458767,25.074538624701848,16.49353349827904,25.803798653717852,62.76818992051521,78.58527979172322,6.847967673808051,grapes
19.375021871137402,25.43104308929835,23.81972218942643,21.35312611009673,57.22719698332993,67.78504457400486,7.053922591337498,grapes
21.770456151659012,24.72890105653351,23.887942316425303,27.49722992297746,56.2154019774117,75.388172981852,6.8057420079237705,grapes
24.29638739942608,18.678916751064442,21.061725036748935,22.67094759544264,58.52135625268133,75.66552721786503,6.234865437169195,grapes
18.63205864953721,28.36482552285759,22.059597631928725,25.42891866050916,55.316357657160424,71.73965460548038,7.03563247195076,grapes
20.214392378549,25.225273933263754,12.885672896863245,22.337536958705698,58.77583472692537,70.92806657948752,6.248178585065279,grapes
18.771184402987583,20.351569726844225,27.921993686763752,19.12860903262881,62.05395023889387,76.84543039015296,6.39350590872277,grapes
16.31299730767259,25.102903774105148,17.623330818456697,23.985974315886732,56.98558883096174,55.23827956186581,6.857474521702013,grapes
24.076772552675546,26.02116333207519,23.445621144871495,27.16774010464995,51.71342814860707,76.06917335861476,6.1619284113345145,grapes
18.82239624228615,23.761499522736855,24.094267410038988,22.760909134991124,70.85989508957738,70.67601418942277,6.118811503852477,grapes
17.109241430955556,22.448207911831993,18.703641115621988,23.10525077421551,56.65418759359999,74.21231470324679,6.0820264924950544,grapes
15.841707273500916,21.979710965792222,19.630400634042555,19.43488500358356,62.7111518626685,86.45034268103655,6.252942936396475,grapes
21.29408216887583,23.27410062164471,12.565353840239908,23.42610613320763,65.17844420951725,75.51193502904972,6.576413868929654,grapes
21.207557051381258,28.42212914629092,19.501461212326678,25.174810747342438,67.11264814191145,68.02715189955052,6.4262916095413,grapes
24.171059629134124,26.685116209105544,22.060458705785056,25.546113057635758,56.665151771268086,72.92008372293432,5.946248870279686,grapes
13.359942615311633,23.859074124177425,27.328454181128627,25.79116733940115,55.11552702977812,71.15747987502893,6.960126363767905,grapes
17.481899283702653,26.751650600995447,14.323404551926142,23.25188473852772,62.54148656163881,77.15225566766796,6.465608583593391,grapes
16.781770205348582,24.849085846040385,21.85241263143521,24.772582004219977,53.63421129899703,75.72120600290923,6.188262913780075,grapes
20.73747692997116,19.693675353197207,18.763777511737533,27.5764349250331,65.13153753494473,66.40258934359278,6.290612419803182,grapes
20.403609090048484,27.502209531701396,8.239505694018016,27.02917200059995,64.89573218088196,77.90713449250833,6.667180806103098,grapes
22.4937973814978,22.494079550215215,21.039624691952476,23.60175633731103,54.632804723024094,74.36727869795658,6.341149291750428,grapes
16.937197772624966,23.00187908543404,19.99529070977058,22.190657136673796,58.204302967359546,68.17301264174354,6.761560379359349,grapes
18.161000847926694,29.498638750222536,11.862852353567845,23.20570125968489,66.82510368167729,58.30514075057343,7.124358527276875,grapes
17.45583782118183,23.158834817432,12.568449156793347,21.844370667663927,57.84726121969693,77.94888350627586,5.98360742592552,grapes
16.00291894860274,23.477991642994457,19.476188713768884,24.36928759652665,56.27765680793343,81.69695832420105,6.227847022152209,grapes
14.339055724638863,26.156088563057345,24.991979591243734,28.73547491991566,59.843791532710505,71.28455559660854,6.647989273249905,grapes
19.991269115599575,24.41410176039782,15.43238974146807,24.869862968454054,64.30794485223382,75.24325638635246,6.7787828637396315,grapes
22.139273274524506,24.786781854846357,29.02272861722166,23.59087571435327,59.188202181470054,73.57420977756577,6.894620807747644,grapes
25.935156815345866,26.680628017225686,19.893029009573098,26.801703801593234,69.15716559705739,72.31376799824837,7.023466437870397,grapes
13.05619280142286,30.65691736715187,19.901590756171956,21.738979618791546,60.34491533614385,84.42351173640158,6.0873939645219775,grapes
20.394132496293167,23.955583207448093,28.340480832412055,24.763976205156244,64.66444769136076,85.71765987265661,6.628079062768073,grapes
18.45906785415681,18.232106145038316,23.744384800793817,26.674249346553527,62.45682061292676,78.34892193392265,6.560500490909484,grapes
8.98426562204576,21.868309046907136,21.896218600321482,26.5916231574057,69.47583127663434,76.59427003200481,6.676706577478298,grapes
17.15437219686747,22.80158694372844,11.58952139660549,19.891532215179648,53.76359804006897,56.09259654368695,6.414771750372614,grapes
13.740510509273442,29.359812006619933,19.290857762684784,23.35846788684469,62.68012042410219,66.59015949154639,6.480675215184562,grapes
18.339344995275074,21.989437068804015,21.118207371278036,24.75207413068822,65.62777529239017,81.17032555881319,7.013497404751445,grapes
20.168589911126404,24.726276798846325,19.447027204764915,25.838001925320988,56.47821740079611,83.70252778534649,6.350235917062685,grapes
15.121971201461403,23.064761609498103,20.458115321049522,26.724762124299907,64.35676689785915,79.2086750564458,6.930377896640932,grapes
26.66744708451695,23.54328853453898,20.675188011815443,22.640446600616265,58.548558978333084,77.33607523743416,6.45760197128758,grapes
17.028146717573993,27.99105945199904,15.105813704906613,25.060813137090225,58.110592935228006,75.1564287618084,6.313335242848367,grapes
25.91000928898688,27.05816505244786,20.96182206835573,24.989581807422464,58.56759825328567,80.24713069536398,6.77462816769987,grapes
27.67877809384586,26.478500100984565,22.99946761456539,23.492690709481394,56.29125507045195,64.50252022035195,6.529225752112713,grapes
16.66415429926658,29.66129698288167,14.631602560664028,24.878247600580355,60.67198167578425,73.09366594656925,6.6753608758050955,grapes
16.59776839690266,22.326483549860995,19.35016678491667,23.453677919034515,55.59120474200451,80.32891506308133,5.920834623385443,grapes
21.63907564945642,30.98361570120155,12.473770796842217,23.91095646766506,60.599222503179696,71.64453463965494,6.539645339128592,grapes
16.941744464771524,24.009579907419624,20.20388506232255,26.195012910045367,64.85621300296356,76.70757779756937,6.676968711965554,grapes
16.700043892627107,22.997106079192072,16.16305072792858,25.849568085737758,67.59749791244748,77.62509341769918,6.014928931630647,grapes
14.135694664128724,29.17922816140769,20.207570876670985,22.533525001895235,66.22482275839064,89.2942623038176,6.955608826728228,grapes
95.33972003514857,19.20865992763763,50.49128968608046,28.386136628030847,62.00727143894896,61.770936556922635,6.167813560799248,watermelon
94.10961450923892,8.884940549852635,56.7231463021254,27.968726744727945,64.83233429157794,63.67799575123979,6.948951506547881,watermelon
90.11066774780771,25.107948808000852,57.31028734871242,25.636614428215484,64.82958320591428,64.44971749181451,5.9691865563461945,watermelon
109.85883361487834,18.879982753225303,48.268694815696136,30.357960633437862,61.069144934030426,84.74479701883406,6.157685023508574,watermelon
128.02773065108198,12.926203526731811,55.11634836057054,33.08124063840383,60.03065978332392,65.78015676738352,6.057026526480152,watermelon
126.37702768766692,18.381343935720285,49.04319540662539,28.356980530560733,51.05297669423647,65.35116081112324,6.553976909619484,watermelon
106.77903451260777,15.011971980336012,53.76753268698591,26.863811852941023,63.212164675054986,72.84124529674533,6.543987936352974,watermelon
104.99397235624939,15.201109534682793,59.11135062630875,29.095264546991753,56.00709205588199,62.718920608432164,6.545654402337657,watermelon
82.02215436030265,16.111936785951748,45.80768750763784,23.80874620913172,55.37428451792786,56.84508544101782,6.338683371164235,watermelon
80.40127293339253,16.729029925987987,51.78229079360495,28.087663316805887,57.33201500284863,72.48947470195331,5.760087521604705,watermelon
108.24937213472633,9.136430324634745,44.65759981717768,28.913114608793464,65.21126393915321,74.03011952052914,6.472047849432638,watermelon
84.0825810664221,15.969174656141918,58.08765149386901,28.21478060923866,55.230863868746226,62.03141671486126,7.050484749907949,watermelon
84.61218495272853,10.725853055542064,57.42701008057523,26.527187285916,62.08655405524347,73.93782906295696,6.5902589162144265,watermelon
112.45212834186965,11.889959654010472,57.39333144603687,26.53713060164163,61.84288092419892,58.752573943701854,6.923945196042187,watermelon
129.5521952722117,17.19063744957772,46.8390993733017,28.564354941319422,56.090407648083655,56.18304439835831,6.358145601813234,watermelon
101.08961920162,14.276762723209446,47.44626933170237,30.34273191490166,53.139608111598356,76.99227899077279,6.523543044481018,watermelon
89.4643476042528,13.219429504330718,43.35494982819853,28.648171829654885,64.9080397966441,67.97957460867,6.539787712211223,watermelon
89.89655396005415,14.691902629482119,58.495778745790524,25.1352204783618,54.54228354696723,62.64657231977904,6.603927787026936,watermelon
89.3086201205814,15.59784377843103,44.42107630531995,27.584024452140742,63.108066353866285,48.07288223803097,6.162580112527071,watermelon
97.66394328155167,13.959639648128228,46.950592929512865,25.571928767257628,69.95953280857121,65.52055377781538,6.375365528302734,watermelon
107.44401216717874,9.045016975697159,48.18235844750808,28.176068478649135,59.49610916235291,73.9923096362456,6.165935369357544,watermelon
100.74795946714022,19.67321579029961,44.1388228847673,27.973469368102446,64.53645784064318,65.77014625574819,7.120283675527911,watermelon
92.73956950764241,14.33386040985602,49.29808623789175,28.294366415620217,56.787537982271516,80.14553704808623,6.2287402025975265,watermelon
93.61273797368302,21.380561161690363,52.241374942295096,28.007231060346676,62.095036232462256,80.67819110416458,6.815658238579322,watermelon
91.44705158212354,11.85015123979074,47.52209094703851,33.28017293718288,58.600979590191,64.44933784272355,6.803718312067246,watermelon
79.7430692628373,14.471213483140328,42.73691200156325,27.228967455445915,60.51537461255853,66.85744613069458,6.641349518362915,watermelon
116.92170398228932,14.173470040961883,54.34167770826147,26.67540739755603,62.009790943939144,69.59923602127543,7.022711261185184,watermelon
91.21203126228153,14.247732522204718,50.59718621590814,29.466729706448348,58.817711183688644,60.506084705313235,5.905871850518246,watermelon
106.63934707548528,11.35536478740734,52.91251802440179,28.871486758395864,59.70713735158405,76.78391999587986,5.815775187884246,watermelon
97.92520914596744,15.281182687529414,60.738998714050354,26.407197665093268,64.02040106513861,70.57704795164062,6.125719991926227,watermelon
99.59036076311023,8.05821236183278,48.49670646863009,30.941628575101554,51.3191213790239,59.27893241463518,6.378245056194518,watermelon
91.38201632602414,14.35091659104065,50.64233362181524,27.09463952257038,61.351564324626004,68.84326830734878,6.9704965155741725,watermelon
110.38181742331786,14.47188341865137,50.205356493946454,28.375792719990976,59.18024063123544,72.58990580532482,6.36995726947277,watermelon
118.40259013681093,17.476761570264607,42.926993750905275,26.81714461473556,56.65542770028069,55.86045331785944,7.0180745080627265,watermelon
110.91707024498893,15.287943995184724,46.29769764737387,29.78280810454236,51.997168643244265,73.12114314148297,6.63254149584279,watermelon
117.99772971046622,13.569873218053226,45.91835301089229,31.83142635319603,61.96897508134642,81.07076649413051,6.400406229890236,watermelon
89.7649216287892,13.616231932974742,54.57834188944083,33.585592588089845,57.17202895027434,74.86769427436009,6.290716852436315,watermelon
116.48525584062662,20.50495934110868,51.551789274103925,28.930215506776797,64.03190749243456,45.93110718504398,6.983195331043966,watermelon
131.96315929666605,16.578434238107665,43.46322307508408,27.193203328929723,61.08049973586164,87.94994545333587,6.82376789477657,watermelon
112.07650451284968,16.058929166008788,47.804151031018804,29.231613771134935,75.25647946109828,65.4690404307959,6.405584378255454,watermelon
111.24508554954957,20.834709484404648,49.4077382493114,25.984427931561303,52.99947039850876,77.25563323894268,6.087861529318162,watermelon
107.98005222957792,13.394919127596392,55.16663057104144,31.274906086203824,66.40348976025467,83.1295999051759,6.3534346587269095,watermelon
93.86016506627836,19.511932355966945,40.74564710266773,30.481789721588267,54.41966067921275,70.28995694584594,6.676037518542092,watermelon
88.36109241795286,17.22110536424993,48.27360792822427,27.410436551876117,65.98858210178244,65.49762442734773,6.837633375046382,watermelon
112.27945906780471,22.703757425609584,43.51093884522932,29.947097949770807,65.07160523999443,68.67541427669768,6.181767336091232,watermelon
87.3997120785459,18.584825874348102,56.38249576515737,30.705799406557503,59.95366650518714,67.8399738249773,5.6610357294180185,watermelon
95.86716058709855,17.70286526514118,43.852527769404574,27.046629118415254,64.04454466143439,74.1621293238721,6.467931491184059,watermelon
75.1407400282362,12.127327826250763,43.73462417437947,30.54889917022511,52.627512874023395,74.05770512101834,6.785166792116214,watermelon
105.2551360108323,13.240570928033211,62.490067361056155,26.264465407325556,58.16303641036934,75.97820392920096,6.687848074540231,watermelon
94.96820477566834,12.089578573928257,51.086479474043074,23.17821660425855,50.86023303643093,76.21973221732306,5.600492426154008,watermelon
94.17450286505834,14.997377549178266,45.72659507369951,26.90923863449815,62.582260939654724,67.73388863646444,5.628349595837248,watermelon
107.23196590859473,16.024422719511676,50.06649956452645,26.21818087069644,50.99717302635909,85.92047092530956,6.48045241858886,watermelon
111.26875500384672,16.778108928617893,49.40050178915195,31.166963126267774,66.27379449001019,79.5436070753598,6.239351396244586,watermelon
88.16141098652155,19.529117971482137,51.0200796566348,27.7501508029216,55.88375593672542,58.057634998184,6.887703907231711,watermelon
101.34122341264916,11.22502700120887,48.504783236641416,25.658228006063272,56.88077090849644,63.16429208825528,6.639857875496206,watermelon
104.73862938940592,14.413868959747509,61.17205951317773,28.021889897135065,57.56607183544345,74.02498195451454,6.815381672265013,watermelon
85.81458536845042,22.468019904123416,51.163369226331376,26.682328405960646,65.87336568349008,76.57163037343449,7.1700372566684845,watermelon
111.53650985219572,12.007248781338884,50.23780329407336,27.894940276269338,64.17487815422545,56.76473185353642,6.7098170511994315,watermelon
95.15328618551766,10.073986467172553,41.579469004694346,26.107178641557113,62.46574977158777,75.29070004817797,6.5610109834730785,watermelon
111.36133396355272,12.841037525444754,53.78093062593835,29.104233418715996,59.00204965592313,63.944430108015794,6.203669272632315,watermelon
90.67649715074131,16.233588892318767,49.63596929517605,24.91990447943551,62.516854409566726,75.29561740930276,6.127969082018853,watermelon
111.35597445520763,17.716118198883084,50.724378564737926,27.13451794192925,66.26099888193241,69.24362192366178,7.058373102108853,watermelon
98.85887373253406,1.6772254621050386,43.086367969968215,29.548351833622252,62.20233408108682,76.44895831388612,6.881847283903058,watermelon
119.49432643874736,13.477204789339265,55.34315744665555,29.528686870491303,55.68748739597096,74.75144491179415,6.87322621765023,watermelon
111.56347760681426,22.610602102621034,64.48243126375387,28.432856612471177,57.641372042912714,75.75554472821918,6.54543178907447,watermelon
109.56607907331862,16.23612533966974,39.57501923848781,26.896138698560137,56.20183067069814,52.90701441393896,6.6954079631386705,watermelon
119.10522541065939,10.747776123737548,55.93670986129502,25.117287845875346,56.44090101800304,69.13037989748807,6.651953272527733,watermelon
116.94616495496875,13.533846649220571,51.62990974889623,27.642611569605346,61.63701276080285,60.65281642860559,6.357733005866088,watermelon
98.66258787320878,6.892057354947491,52.00147884516594,27.874630976414583,56.55189503870286,67.54221318838086,6.478105226350859,watermelon
119.66645332754356,12.853784954607201,41.913628579346344,28.09442644651855,67.64493167180748,67.79414480046879,6.527338005207917,watermelon
88.23085226881753,11.790213213528991,53.27094561517693,28.705068027024407,60.88063590903742,67.46321092707325,6.849172197113834,watermelon
91.65720646854548,17.666975005115017,51.609103587679066,25.73425309392651,56.61747969148561,60.32209372959504,6.596680569862817,watermelon
102.06211831091889,11.56269904167132,47.35548203606989,27.013879572394742,61.55284758075258,72.22975797567452,6.642023817243954,watermelon
114.19212032777227,16.008685766032787,56.76769128350494,25.606006669591444,57.21442757076556,72.501264041623,6.36963261663832,watermelon
115.73347344483133,10.464491105310124,53.692332651053604,31.40510122182556,55.84641507881569,64.18439612246422,7.08664222090658,watermelon
100.06257209221435,11.25382712921849,45.84386481865307,29.059880007367376,65.32645455229927,50.401305078337266,6.423292967011972,watermelon
92.60005653470947,22.650849365089563,50.02958671333853,29.604915617256733,56.01718517411777,67.41820291754445,5.604872260145635,watermelon
112.14129874386138,19.358896666238266,47.67834640226845,25.71941935926766,72.27446917317909,65.30731291773667,6.538487526105411,watermelon
111.69598413568976,16.703397607874916,45.3995318516927,32.28976834336987,53.322412270655676,73.98371548120302,6.284207173264228,watermelon
98.17006562739081,16.220938191437288,39.98704608713889,28.54079440225285,65.74523954031639,65.81104306034209,6.889361191941149,watermelon
108.08998645956918,17.03578468643638,43.97054053363344,26.347375329404667,61.64513254160137,73.85219826942692,6.563191062241168,watermelon
79.04565881185738,18.292450082611687,43.410003297008636,30.761251995205836,70.45633740069051,81.56576817428014,6.439802479042079,watermelon
105.03216676551963,8.247013655257946,48.30590501156727,32.61377911504248,50.304381864696346,72.75954043479835,6.435244498138188,watermelon
106.33896849919543,13.122650166063636,54.85009453529346,27.934274124579144,54.53755540122214,62.86430476963373,6.6583316780525825,watermelon
82.35647774860405,18.37301965200045,36.990613654044736,30.98380151823461,54.518095958438664,81.51351710568123,7.090086222070958,watermelon
96.79378513969654,21.197750001657088,51.14356795326411,28.81678449165604,67.6738529843471,67.85115558475158,6.825139423706941,watermelon
90.7383511664298,21.367913115208665,46.48024388304888,30.278337059544995,61.08640182564463,75.28775817606387,5.810565050706743,watermelon
99.56279165359145,17.337911301474175,52.78553749573486,26.955927190656496,65.0845621946899,68.38150360231566,6.112092849436177,watermelon
103.62230260180546,14.778567355207757,45.06621842745299,25.429353007130505,64.85623379645375,64.99248686220875,6.409981748064087,watermelon
116.10076519931681,13.691644140163485,51.9620662018218,26.972420955862635,56.909386043162684,57.62559974707525,7.080526919463364,watermelon
104.93873217969812,16.37994761548173,49.99419606332225,26.22829113168554,60.816159698486324,61.83581808609329,6.615658123109172,watermelon
105.58776181043469,14.192555702293372,53.82085058693227,29.276665411683226,61.9698156852518,57.82182487526808,6.23801774973597,watermelon
99.00616144306385,19.911314407877217,49.6754553483234,28.406262868375112,60.25974254420506,67.02646699231474,6.623413839195138,watermelon
81.56090991348978,11.93380691410961,60.82156757403818,29.798133440698308,56.9492458941463,73.81966852592952,6.351896473853679,watermelon
86.92568722748278,15.878945566537809,45.501462414170064,30.60938072286004,58.907033180479864,64.11078399903063,6.498881938221788,watermelon
97.40372027100952,18.01339919160329,54.20159321409905,26.164248836695208,63.499857492406676,79.36524418897915,6.627547396470812,watermelon
112.28345826264035,12.507928000019055,56.4001022627851,28.217920611973266,65.80292138292774,71.89746919790294,6.684746859888413,watermelon
79.7630689579789,9.775203450244302,50.39380496411143,25.83660591932184,53.91371658940136,50.15656721743358,6.122329265177511,watermelon
102.82365120439879,10.16315656646169,53.49038612004621,24.308341450634238,69.6331342910288,79.47580716861216,5.65121000163867,watermelon
75.91555393132091,15.081834417975418,39.75772599111143,26.538845804433674,61.692450631671655,54.27484490981033,6.717394621005115,watermelon
98.79153127974993,9.214446085780065,57.77197786545544,29.279780699102595,56.72455616698655,78.27990206922564,6.271138852982616,watermelon
79.20034648306344,14.240434418678761,50.51532197220676,27.79862596994814,59.744530682760185,70.73698706759163,6.439766162534377,watermelon
101.96348290524509,19.171309332630024,49.76310289791632,29.4181506363096,57.96980287881188,63.670281954449344,6.0002278979758925,watermelon
104.65831591320537,15.652974536796464,42.218384603602345,25.48145251223056,68.15469058656633,73.0929370174453,6.350806627692338,watermelon
101.17384131054638,12.31035155756151,50.576449436870604,28.419135216113368,52.26216611002553,60.774614156077995,6.580294315105886,watermelon
85.29934312152861,18.419301666585593,48.49803325298052,27.422772521999665,63.31549924621662,71.73948446294972,6.7874391379435215,watermelon
91.51701725888128,16.456833786919187,53.86748697168231,27.454609478934753,58.32974224245189,73.42988569095601,6.803185793742583,watermelon
92.33525488523718,16.956819444175917,44.97627445486383,24.90126369682228,62.84676959633798,69.50420573356922,6.158220922996415,watermelon
88.55717264999872,16.32435679288426,51.61574790691881,29.88168341994486,60.87027546394546,66.75428892674343,6.850961999742164,watermelon
123.6516037667329,14.675126029698326,46.98237447010216,28.042031511923017,57.46998210434544,59.123857558791826,6.532613855582968,watermelon
99.97910673050312,11.507917021207687,56.30918339078688,33.40891029412767,61.453481680192354,62.81055154574398,6.494336923631565,watermelon
105.84546670595554,14.53482196568054,50.19346399889276,28.666090047290268,55.2256928501047,74.68136316954255,6.244332980439198,watermelon
121.52396491300195,12.454168375084434,39.3399069791903,29.560291419054074,53.6845452996491,100.64355489723869,6.933614872915224,watermelon
108.72317958379688,11.525690473379415,54.328633314584934,29.528545214417843,58.793023488081246,65.75016750885781,6.252818649012292,watermelon
105.7561552846231,17.341287601366677,47.115304244180514,27.586908199407866,64.30104343460012,80.2305846408124,6.509592578717635,watermelon
95.74862896491668,17.59370854635598,38.608640097435526,26.97657788608291,55.914538916368286,65.97065554256005,6.604438874088063,watermelon
113.1894524702148,23.293428954616203,59.6422305832518,27.287931121741536,61.17124909510339,65.2944556541059,6.622141377692012,watermelon
96.02155116876222,17.455281613630742,55.999292757441474,27.03311014749236,66.5757258240279,75.2808862520452,6.351294546392552,watermelon
90.93714160597268,21.30911845599734,43.83221939761602,31.65322258966817,69.90540402972297,73.46141679916124,6.592471771554079,watermelon
98.08652710257445,11.130280035279062,55.65788212347831,26.841041751354258,59.5372786792368,86.98894674617742,6.569969415055229,watermelon
129.93052299782235,26.519862529644744,55.18711230316722,29.475058395088443,69.7924009963583,68.35677219141093,6.516934430405394,muskmelon
98.52533346996812,15.463710713227838,44.83934622850592,27.152210649021182,65.21568515179659,73.43429276363321,6.594941501439542,muskmelon
93.6473334691674,16.825491084462485,42.800967597702844,25.921374783044183,51.7706026254247,71.84948813911281,6.8383052449153565,muskmelon
93.6402649459905,20.40421510630782,53.10536981750443,29.336993300847528,58.73191738276604,73.10474400517082,6.777126110828593,muskmelon
79.38108864784019,24.74455492615803,53.39167978752874,28.879551535755184,62.93009972646508,80.76436708604588,6.251725923243026,muskmelon
128.5377753124489,17.621804794327794,43.66693261064296,24.330227201220502,55.16693016089062,70.2641300645247,6.514347423914954,muskmelon
84.4216052144793,22.769488945013073,37.692891685048224,25.765852365580635,70.6229497916841,73.71244551490162,6.617623042426933,muskmelon
102.48905552747594,20.815735201455645,53.603091777797246,28.32829580407127,61.0304668329757,71.31991441180864,6.500169023452653,muskmelon
93.11853741287626,24.679860880890377,44.51981314384825,28.186062934378967,53.637992916345326,59.33441268380804,6.360351539145403,muskmelon
93.86217981699211,21.221605975913427,58.15827515328357,27.039889962403958,59.288249911906526,67.49430662064009,7.288618919494075,muskmelon
109.66334832592406,18.330248347695427,53.5957389628064,27.040088496558948,62.02570321061441,61.338526676502916,6.207792153325951,muskmelon
94.64532487345319,18.195778129117304,45.2195778988418,27.28297368039396,59.78414693669373,62.39113677382812,7.075573675500854,muskmelon
106.08165905705943,19.543565592659274,50.950360558672955,30.188881483060143,64.84284023283607,76.50394608337857,6.498450136373399,muskmelon
123.39341988170506,18.498236863119356,56.01506598148297,28.8283633934001,59.79520163367364,76.35904819742758,6.392190326655801,muskmelon
77.14563736775989,25.715499432513987,53.95038212497925,27.98795978054652,61.89787379796879,65.21593865285146,7.26598715377496,muskmelon
102.04605741866088,16.705620119273867,56.45929964072382,30.294979370238252,68.08461362319443,55.81863955413063,6.601552098725899,muskmelon
94.35298134223763,22.199562905644378,56.97900220497593,27.19801872318648,58.38125035191301,72.60723752550412,6.951006133637228,muskmelon
114.68534250696935,14.32683779784675,42.1895874339013,28.007969261046387,57.12835463023738,80.25750398388438,6.5294323047987515,muskmelon
106.09898152590027,17.488231281563525,64.15145990140152,26.75899581974841,56.90328315943998,86.47457866592079,7.42969336646832,muskmelon
95.55405205356148,17.87972174904493,50.64813312410744,28.049224983194296,59.94960767523989,69.91488680990943,7.145842255971087,muskmelon
89.74095351147528,28.38891235148064,38.49449428884424,24.698646502648625,64.78768544705456,72.98970598474904,7.102739811505994,muskmelon
117.52505866118656,20.664312158157937,39.162686491254846,29.420121404745803,58.86885279325199,72.60804531403637,6.208612564112473,muskmelon
93.90703660875835,21.658802755968804,51.15982753195936,27.33994437670111,63.91426988976801,68.53206282784818,6.840331227743415,muskmelon
96.15224620532433,19.375521744468696,35.60918610420113,29.25212208300181,64.41530700561667,63.650589638954784,6.177433681788811,muskmelon
105.98054057307147,20.13509504209153,48.95329539998821,28.862789231168332,56.09935490284272,63.474501435339675,6.542637789850045,muskmelon
91.4484377975287,24.66587408430203,56.98690345694462,27.26697854010757,60.54031358377004,87.42377406733586,6.598796070567957,muskmelon
94.80574397070883,22.676797192976267,55.864773450842115,27.851820758378715,61.89611442025861,67.52588580807328,6.246053237957567,muskmelon
103.32261909559392,24.37115030140557,43.54484401034035,28.92948701304694,51.898379819344576,70.5921502070664,6.861164229674463,muskmelon
116.31652446832032,19.918159380200624,45.3736122346319,26.89362525039431,65.03971587466812,61.34384305395572,7.166242143005431,muskmelon
73.62077466184485,14.974059778637397,54.04187383767433,29.073805482163152,56.961459568159604,68.95670017629612,6.422516163158916,muskmelon
99.84999978558581,24.76265427416338,40.00939311483532,29.840469407595098,62.07091302239418,69.64654710561564,7.2101338388067795,muskmelon
112.89833461427187,20.213081838943225,57.00604057559621,25.51131044358234,55.99184813566667,81.07069972074927,7.070677612750185,muskmelon
96.03481369817412,15.042860651320957,53.04100694352246,26.3437883247006,48.693243595555344,67.83382070149611,6.348588492114226,muskmelon
110.95113124649609,14.008496679527688,44.269305242143695,30.510328548337526,58.136933450714125,80.05721901405403,7.100237636049422,muskmelon
88.50854383173802,24.588967587865092,55.16768687455043,26.810097264083698,53.51525423781994,78.17997615288942,6.34607256146961,muskmelon
117.31104017989773,23.127677113513965,43.72960961394621,23.30152262873031,58.308280841488504,74.34919829136174,6.245969705930942,muskmelon
103.08270625878082,14.140725862397375,57.66180435509443,28.415047316420146,71.93985641310655,72.9205552429708,7.340925632737979,muskmelon
115.71458394515997,22.070644865360396,40.81446597588413,28.8945157173158,56.89871863301263,73.05975740304302,6.407785100072017,muskmelon
108.9501610248182,19.500144277476842,48.22913122288592,28.208307948178824,45.183520714185754,76.37266241143794,6.648590063731749,muskmelon
121.24610317484309,21.733363607962882,59.96544541227806,26.31440636549599,58.71004893598726,63.97227788215176,6.888274634168131,muskmelon
109.26078542407522,12.923867461764168,53.3582515232852,26.5872767717456,53.89319104671065,61.231544322410244,6.8297114345778995,muskmelon
92.61163623567106,20.877187664054624,47.55897468949503,27.49895389194678,52.96882458246363,66.38688950762361,7.0787638685815,muskmelon
104.59995976811531,23.617395107533767,49.13357239107583,31.122190346624983,54.65110708944277,81.68742668576593,7.165439783596801,muskmelon
87.74658391571225,23.41668093174684,48.66035056852645,30.019231649556744,64.2558514694795,80.4356544274794,6.405529409385446,muskmelon
81.26151414629192,17.504911647653273,44.12923012440477,27.520363039132043,58.8854355344809,64.98387273376294,7.09807507332892,muskmelon
108.72683293482173,22.915283966031843,45.732029085130726,27.733771864050343,67.90419960609493,62.127133613779144,6.627930291532029,muskmelon
104.93999208403623,19.111619516804897,60.598000143507996,26.999489314193728,63.17114416886055,65.66384261304847,6.568862858237872,muskmelon
97.88059583013882,24.324257852366923,49.97713181250082,30.43813349621124,61.59660497661662,66.83023701427597,6.456797387503773,muskmelon
77.30062039085007,20.261918864854046,54.47715460569344,27.842470514813435,61.092792386112535,81.4259611484472,6.711741455500151,muskmelon
101.85386642482119,20.032537098772668,51.22845321437268,25.094342935373902,53.81786441536315,61.29857297817419,6.926671454746655,muskmelon
88.7418905627213,18.2889361327918,54.566400313459695,25.845889545202287,52.69849354621641,57.981746176563206,7.275122804373137,muskmelon
97.39952556367102,16.958114750365258,33.62630887868635,28.51534449844879,56.3072611288289,58.22857451280771,7.246843695745627,muskmelon
109.72493947209772,18.64345684552715,40.58230438632904,31.939959187343263,66.57986141455513,81.86498126229873,6.962589459922054,muskmelon
99.22058000542961,17.960209020168648,49.2496492439277,31.477658246428255,58.95774034729269,60.91834179011533,6.681378249424169,muskmelon
91.54269020338864,26.688558116472088,42.40088336374134,26.05822873622717,58.54367506282348,58.725255327649016,5.743035518046965,muskmelon
88.4030619209133,14.89646067188188,51.696704238348936,30.623942835397116,62.27829092945432,61.437070921564874,6.70674936715553,muskmelon
107.04094271089419,19.2886792958654,42.86075720417986,27.058505026093066,64.32236547119544,72.61553014254199,6.833332338740023,muskmelon
94.98099271746464,19.390376084392113,47.99136147762279,27.49514813209948,53.63000060284915,82.20525494120058,6.516619603928995,muskmelon
96.84010687703862,15.473583974688726,45.92861671435043,23.413000196389817,63.46782369776083,69.51792164881755,6.284355009531358,muskmelon
104.42216846032623,18.36650576858022,45.215856509236886,24.301055980032906,55.65864102097937,74.21302094476236,6.635294678793573,muskmelon
82.41124122596139,18.509859869835502,49.724328537436115,28.214343944741866,53.907493075239614,61.977496417835404,6.5887706073878185,muskmelon
104.70839924674473,25.4622929706093,48.82622349454403,24.818290651157678,58.494448740877104,69.3380906540392,6.436842876099628,muskmelon
83.7414539798329,15.982567719528497,51.62977096193325,29.142176622386042,56.54713691189192,62.4553410563754,6.810554355529596,muskmelon
103.53711659912304,24.92924581127377,47.39808898522065,29.879474278697348,58.441577339239224,59.67240246425901,6.99649700888843,muskmelon
107.09395300406067,22.804477486673804,54.63139144861988,29.0614504164621,57.27330981940505,54.14545552091131,6.4764190557748975,muskmelon
100.01532485433215,17.664862757431873,52.49716547117589,30.8203128067389,59.36192274914751,62.86341933854736,7.193905846863089,muskmelon
97.59091736743505,19.8786650550735,36.63687641749776,24.492562754439515,64.50253708288511,72.8076782213074,7.141397758687853,muskmelon
126.9289584368117,19.61980008012877,49.894470537070845,27.64519492726234,60.78445161824616,78.52332253052607,6.447077061477157,muskmelon
119.00514507098113,12.279101405667532,53.15020335570371,30.580003337811497,61.45866924292637,75.1077905909482,6.30011013368023,muskmelon
120.10694593011495,24.617235761000295,45.762689906679554,24.23258213430859,55.276427169590306,65.54286713444748,6.006623572174574,muskmelon
102.99758087963349,22.039348852074344,50.62565338121306,27.54944649966023,66.02669879475968,72.39682557747382,7.503213209073483,muskmelon
92.56498829788492,21.215989279690692,45.145759252561334,27.522988949093378,64.477087107428,74.09516581382975,7.083344206972054,muskmelon
111.40380594722592,17.24662286960269,33.55444818934673,23.82981049717258,70.32718671881864,60.916013425846046,7.097426906692966,muskmelon
93.4417282441664,16.660690386615144,54.20532925914028,29.892997859869627,64.2458348864417,65.97711177899406,6.983818888036644,muskmelon
101.46611270327855,27.362630451328755,52.307230362212394,29.884797096277648,52.9868558350465,83.85894229334917,7.261936073005404,muskmelon
89.58482509156224,25.289568915613522,44.9414627903337,28.48421744887055,58.067411431574364,58.284165265914154,6.635758640224663,muskmelon
93.6988074207822,24.423605663094026,43.41457301798363,26.88001083160197,55.052186986047786,76.20586390048238,6.793330623491528,muskmelon
110.04815572401628,17.48359031771323,51.28162893054106,29.98037679611109,58.19105551787085,66.95422321402535,6.757525662696344,muskmelon
105.56981243097547,20.280131858656958,42.37198496029101,26.97005628814959,54.63426646973811,93.43077667522927,6.778074706597007,muskmelon
79.5755450692506,18.454196462072996,43.02784773236774,32.67943379432012,63.13193801309092,66.26070945475523,7.13608633031813,muskmelon
112.16108543705145,17.065558466706296,43.77361708587075,25.46105856150991,58.48099212058707,69.4680769803571,6.626182454389957,muskmelon
107.32508134777162,21.279732554524433,49.560612699832475,29.85605699180207,50.94870724699004,69.29873535281699,6.274649112992211,muskmelon
105.03050810817369,23.466299634528365,45.860594985454824,23.82641841848332,69.96078693297692,81.3739240044619,7.1309232287951,muskmelon
88.1414331570262,22.420416011949662,51.79175346885319,28.768033893894394,66.88871273474314,87.98749938580639,6.777346906809635,muskmelon
105.00544445087684,25.884816874950484,50.51991791467025,27.910750763369673,60.553229223654796,84.63777755824718,7.1936249545150455,muskmelon
69.80357005290831,27.46293981937421,49.08963928313362,25.357761586358208,66.8781135829301,74.24829456055319,6.753690295443999,muskmelon
100.42874918443906,25.942627435137766,54.638055011571225,26.58334137547299,50.981556684740866,63.15012310407361,6.533675159384149,muskmelon
94.21148402121923,24.72593517804994,43.23165446645143,27.566350941124607,67.57820637105861,62.86163441060618,6.882353215914156,muskmelon
95.46846311014329,28.470371778358384,52.82699236402884,25.8855635947978,54.32599684488506,63.39284880619645,6.2722488482719045,muskmelon
111.30693955103239,14.399480819251757,52.78054437576472,28.4815493103809,67.0214398859441,82.92027204774848,7.2001054361208165,muskmelon
92.38200935197057,20.183213138269135,43.27903813281141,32.23904742413942,59.6914783208318,82.08166656067927,7.019743921104417,muskmelon
94.89337905731095,16.810180151032448,48.89063969083977,27.13299882684939,58.97824789152518,80.88883482758493,7.143992915196284,muskmelon
121.929085577188,13.475747009619818,43.36892747229317,27.208142373372034,71.48129341681475,88.86491902433715,6.534759158231383,muskmelon
101.11926052549978,21.01254729772177,61.25152716108724,29.357111676394183,67.770273547768,72.06558290664907,6.455795542644179,muskmelon
90.3522070029189,17.153233488032107,55.04744638904774,30.10709110551681,71.26012233097711,74.75291522771086,6.7238535000886,muskmelon
92.27648978586296,20.86099585489199,55.0872371349423,23.575541331837364,54.89641356381764,59.35309005241561,7.420431558015507,muskmelon
109.82414568918172,18.248696284025677,52.631786113947676,30.737890759146516,57.7639693627735,72.91035257664493,6.6670397872748515,muskmelon
104.20277940616297,21.06005194683161,53.6097507210758,26.825397483800824,55.498088598475,72.0953106851438,6.604010731535906,muskmelon
100.39051061647278,24.903636928509364,46.87283771772303,27.610948820847025,61.66547996074577,69.38986061395434,6.556734779646444,muskmelon
88.6954009764738,14.574555499134272,48.219855125312876,30.24119487841026,70.17895158601985,66.94443090067256,6.841690570829166,muskmelon
106.95813274893045,21.77107556422169,44.334266633688856,29.746589175665253,63.333952031640685,57.392876970284036,6.882328693182792,muskmelon
105.84393390148107,16.433388918618064,44.424437176254315,30.586992531765993,63.240458812152006,85.94389722096204,6.262296913965289,muskmelon
93.99715955571702,17.427406094598343,45.1098139061923,26.54369893811963,59.90808077563884,57.876318748551256,6.455250459088362,muskmelon
92.82315687315247,24.394483342802438,49.50111363320608,29.00849888063858,58.60207868628597,62.63756773274693,6.62490312141327,muskmelon
110.52211046050188,24.487076010074464,57.183449659493206,32.652594654092546,70.33556659552201,69.91069124135389,6.6513497211044,muskmelon
101.8197955243518,20.7614751303913,46.855338112145915,24.949384291442197,61.96163259448926,64.45343235442195,6.635253514886711,muskmelon
81.22223001218882,24.414905880719576,41.37453829234305,31.807309294801364,55.42531125369845,73.95588419627163,6.66064141851158,muskmelon
87.07035212268902,17.093907887896066,53.678618420373716,27.072512214713502,64.4801595379204,69.09316264390101,6.465661875389426,muskmelon
101.6102013097774,22.548163855597014,54.16243645416693,31.82383593607895,56.25393986495857,60.64327013595318,7.057516502497683,muskmelon
91.13588079995064,20.359345033918817,43.87785371520121,27.143548030507297,57.27519535916051,72.42095834701865,6.830234756222204,muskmelon
94.15478586505779,17.237399458419908,55.153296642961465,25.005418538577104,58.847314211598956,68.18795625284721,6.790783224021447,muskmelon
114.87843236244993,22.17897874931842,54.9229744572649,26.7463942917214,59.65398449710509,58.4706541575025,6.888862497581458,muskmelon
86.57980780920742,23.895600588706753,48.54979777234789,31.275484776054352,57.31704284228925,68.19452832152238,6.201678231188997,muskmelon
112.10803565036574,21.326164328051153,55.84722319302969,24.053080772602947,61.97370188383961,82.62523252438596,7.292323545801667,muskmelon
88.72333791116938,28.507551260464002,42.55407584687082,25.884911473646113,65.33990603953399,61.55399570672351,6.734110540736674,muskmelon
95.05512081683074,27.952729391667127,50.65038454345666,31.70065799259623,63.18396670624259,63.32493281256592,7.395204233408418,muskmelon
101.9951603163529,22.18655356786509,52.64866327521636,31.73030276675158,52.86324557434066,83.29509072282521,6.131273905420537,muskmelon
88.72331848201182,13.838174096830938,51.45870752429443,27.77133988333175,62.2415655564489,54.085647528872684,6.414736554447866,muskmelon
107.17805695914113,23.38257505821599,41.843736751469784,27.440442869051466,63.45427893311277,78.50440583281735,5.716915957804899,muskmelon
106.52465183743118,16.812811659152896,37.93316069712113,30.92014132589408,58.89656419944191,75.24881216229693,7.002453226082557,muskmelon
20.07696119998559,116.90741720736548,182.8161312170481,17.32874589400115,70.48109424435373,122.11464776013285,5.955108005471037,apple
13.167842556040085,143.04761512362603,186.62011788044174,17.759809913570322,79.63609626589448,148.54458778342936,6.042790506999957,apple
12.393197878364077,112.27463243269726,249.91933252124866,15.68089622616836,72.44392355294562,122.71025224707091,6.091599268564835,apple
23.8043314444155,152.8566621613948,260.9314571834803,16.757020068501934,62.81073164748993,130.24697666957823,6.1264081217699715,apple
17.65870074470378,89.50373133435312,228.27152139267452,17.355074775205196,70.27346042342145,117.9502410402259,6.481997466507051,apple
17.36938654627338,139.25834698289708,240.92303945051054,16.577866536740082,73.7888280081964,93.51578307475552,6.100287106768253,apple
11.323676620722251,127.12725620147127,216.79130399019647,16.474281539020556,68.09831595394023,132.2795517473484,6.108208185161024,apple
20.47010025185431,124.99962168429842,159.46716271422156,15.210169612194589,70.53235601664984,113.97667982275794,6.141359079094961,apple
25.54386810047359,122.14092360315837,199.5445107105879,15.60788762048156,62.0686478608952,137.72483090361175,6.130920116321954,apple
20.741217131386176,114.07893361504965,167.29470266117022,14.15209257876154,77.74095558951763,132.7348013182557,5.712525002836981,apple
16.944314094417777,132.5585096621514,235.81227995671884,14.881002732074823,64.51844816787928,115.50662330703209,6.11905411896145,apple
28.798580391604396,130.50991512466135,195.06477887671315,15.119840808133562,66.21323897243865,114.1179098585901,6.190513793639342,apple
22.699610397619868,99.78108421065502,207.38266435636132,16.490033776894766,67.97604247449102,124.95688848310391,6.393181103190114,apple
13.411009144008654,126.36814892787196,197.47544753553902,19.6147237418955,70.76535473129273,131.40006558290193,5.846632188926845,apple
23.11746071965616,142.49455867672654,218.42346044700398,14.392613801810237,76.1469764681621,104.94788414363377,6.340486716737261,apple
21.25891209031183,122.15663465379666,184.6482781465486,15.979652518633863,67.94346489890836,144.7462900419515,6.668960820889046,apple
27.08202860120416,125.64108074701895,200.8158701044205,16.636955494952897,73.85885323871962,125.04694403635978,5.808801048328657,apple
19.16652990694028,139.49428605927727,267.4578762466945,14.98821842301516,68.02627412601629,115.73129904028237,6.710624328658183,apple
20.94068882383181,120.9991593057903,201.0738703177095,16.206540376665938,71.49090474078884,127.11635996918028,6.470481676544053,apple
23.928436052532916,147.93429002887487,193.64885934016175,15.768287234009,68.10140144049677,124.07161629350583,6.484414034322618,apple
22.378524770411072,124.55018016190596,178.78382816152353,13.987023178677884,65.22580561911107,111.50307114888287,6.118573101503928,apple
24.114269305129806,136.03244718821492,165.06830550203753,13.136385417510475,68.60864417236107,128.95500683316115,6.147003427792081,apple
20.039481062101757,119.51773720359715,220.35371299854035,16.706101090267893,69.25489201001322,103.40635141771659,6.258964957214004,apple
18.512583729223717,127.15582396705562,162.0702877158533,19.293498987565357,70.62193407456279,133.58972791928437,6.445407662332042,apple
23.2772521609191,117.87018527850738,184.83446140116922,13.266264050826514,73.57183414820865,123.76594337372529,6.404754929715778,apple
16.298549018100903,124.15828174549975,172.56818876368897,12.604200504409983,70.01627274665044,102.55106638142306,7.407686673338,apple
21.95001503443476,143.5664940344331,221.5910003684322,16.49464388630736,64.57012968320119,122.9176721596221,6.800695538571,apple
16.417203599385388,141.48920043223006,195.3572168158363,17.767720397245853,66.75040363178154,132.5439834949488,6.654230880728793,apple
19.2206824143443,126.61627152086021,213.40915857983626,17.340968232450567,77.05713837136194,118.90898985667646,6.1526635082282715,apple
20.396080447784406,130.67732901473497,165.84894524065868,17.250571202052278,75.92999441339558,122.16122408815832,6.342971502453834,apple
18.231759381204295,130.39551881658267,197.3794086078466,16.357298528585133,66.6855011007076,126.39502510885349,6.624498065120994,apple
18.597004739783056,127.41452674486496,227.44025168221054,15.649998238135822,64.74723971194895,126.69757278594267,6.132886179846835,apple
21.377845704173865,123.98403961921665,208.67083265877588,15.821425582434674,67.47149985009638,132.23452330214351,6.1373240834156775,apple
22.83997154547681,150.3670707668574,184.90706471465649,15.720479522178433,70.40533595402586,117.4861571505789,6.392180646324008,apple
15.856153777660893,108.3562567517873,188.96285371102644,16.439905188913798,72.79609356193406,127.09482487770696,6.099708918888587,apple
12.834181203709882,134.46712643347806,182.6209741194506,16.709819357506728,69.66646127354451,108.2170420861073,6.318682888053805,apple
20.89572611477747,137.89913134807298,205.05363675791716,20.032438395739224,65.74153642727117,144.65778380879726,6.806209509195945,apple
18.792101701950617,106.48080524495467,189.33318163244473,15.358846974329632,72.87015413816142,127.37735239115707,6.421018561759028,apple
12.840713041397251,95.42740803505112,204.2475324021223,18.657630801853838,70.75403974721254,142.13681657192922,5.8067659291593605,apple
20.3227995793794,142.80821889646805,203.48995018955392,18.748250255104676,74.70613437898035,116.4750132017817,6.098972039864283,apple
14.574653467371093,126.15934675624425,246.83076770110233,12.808949909393286,69.45146774552103,133.04508940571927,6.306264820001217,apple
13.02420517904848,123.6334089616922,213.1569250167875,16.402114530578547,68.57482083273855,120.3645149947452,6.695499720283837,apple
16.51815700705863,149.7675946418658,186.5911429904875,16.122985144822557,69.37418930443211,130.43216474669305,6.674860314710181,apple
19.49678831973216,97.75823978282207,189.879753895019,12.937670436980268,60.021665853622586,115.02970182474722,6.09799677710576,apple
19.321633589992743,100.66933399254766,214.57412089478694,19.369649924364012,68.20909862446649,140.78380982637904,5.6275452760787275,apple
23.438173885918758,136.63870397487736,201.27899994156093,16.279526204388386,70.88999878246878,108.21189066568277,5.716402485639768,apple
23.937482722339325,132.96223398752704,211.44398290448004,15.393158994563214,65.5244704791029,109.13793889730604,5.70964427814936,apple
16.2506394260171,134.34759328300788,212.0199623946528,15.491807789358868,77.7230269229131,113.14929787449401,6.260326636639277,apple
26.913319758984684,152.10318144785808,234.36738811402145,18.825162226429573,65.46264260229297,116.26589335826678,5.977187410459896,apple
25.85729755409288,104.91864543662805,189.53189637895082,14.783282705401518,66.01022650106208,109.43423563909485,6.7899785884016675,apple
23.18566503099869,127.63359915565474,171.4895588375529,14.960917346297355,71.25931812305886,117.27611569726369,6.161991512332458,apple
17.91758940179549,130.17787875901382,203.51593170431948,17.4104464309757,74.95534564595955,128.16942360084133,6.105872892920913,apple
20.313621237921655,84.84059317959624,186.9763414500846,17.75472976676468,70.03112471002423,106.0247450871082,5.790157724191178,apple
18.63564252038477,115.53214750156287,181.25649812840683,18.091824762380913,77.69340379555545,125.15128442194387,5.8489612982769295,apple
26.597166714627726,146.8796177667137,198.80152523438466,17.475734059029755,66.07805644132054,107.90320000453812,6.837106938856086,apple
22.49205586008999,125.67643941604145,206.98089870689097,16.28171517278218,73.57009960532582,133.93459954419183,6.779296454834232,apple
16.467271739064326,124.95139925973227,201.33915458712306,13.022882997278293,78.45377967558171,122.46676841103229,5.679701956726464,apple
20.290631980277794,118.8172991025359,171.327671638831,18.58510625371627,71.66498514107074,124.05789790838273,6.647361979103894,apple
26.216442413180907,126.04832453607796,179.95940425823608,15.060128738720353,72.40679238428355,115.72395608511262,6.300548762826792,apple
24.823611849648255,146.3373931717197,179.86781623428482,15.499982533481731,76.25008167457246,112.93368146911277,6.185889221740676,apple
21.638832745996076,144.57589459248138,189.18570730974523,17.53513020480691,69.83644357566526,126.0323837479424,6.181338186767629,apple
20.943514664239288,107.65688000806009,178.92787977697753,13.965304978622552,69.62200448700821,121.39370200197409,6.293664456271353,apple
22.218763408431183,101.72231537840315,211.28697144251794,15.050325130074542,62.50095314082504,111.5023137778679,6.4609381795516585,apple
14.804377771822477,145.95414996363755,171.05524520804704,15.570699896337622,71.2818735997178,109.10103269598264,5.877617217429143,apple
22.280337686319182,117.40167754732033,179.3789869942554,15.879963769206622,70.6614904604456,127.41326329677958,5.992734092002375,apple
24.06739009380506,120.50686424256158,162.38819220263156,14.078257195883007,71.30186152326749,120.65515527962222,5.4119902676183305,apple
14.65088631901828,127.51158470674686,209.93071992012545,13.15173194817659,71.85919424112369,118.16242342003294,6.206364169100013,apple
20.05809174105125,129.71370677606322,201.49771724070908,17.597337539976316,70.28178339469501,133.02313933943915,6.200022623676138,apple
18.642404609891734,87.10039503845661,218.83436320795408,17.099150479657105,61.89872876804896,94.68149277026777,6.182687715229278,apple
16.141295919539314,120.90994871326644,234.33026301866863,15.843133578061092,71.27561326945342,124.83616797980838,6.332587041934782,apple
11.056663934527505,134.30458618423546,252.94131826763663,15.53489468941479,75.17688143994258,131.71523617229462,6.793432125139758,apple
17.91006003871953,150.4006151324195,161.9749649396228,16.446077190375682,72.17452777301767,117.9152686983785,5.819053430309198,apple
24.66005504226582,109.8723226875712,199.25737623162752,16.4227393471657,68.33284919076269,118.3211031207878,6.112809897230825,apple
17.39754862940112,113.31996620491034,214.0242401441646,18.071068878294408,71.23139672758795,112.72832178324786,6.246427183122158,apple
28.506385206942383,127.66565744312281,166.35775972014824,11.783619287724555,75.6101035340795,106.76654745604709,6.154216024813003,apple
17.358989662827447,122.57492767349022,235.5874963236171,17.256641111519674,69.26014998749923,111.90314727903254,5.607070616552064,apple
21.20126978308894,124.88215540076254,156.3504075017787,14.474212932208292,62.737694433581254,113.23253528694197,6.3446462729398085,apple
13.87629502051664,124.42139688139436,180.3009011148887,17.62586847497262,72.52312669892586,126.46939974004898,5.803638198519446,apple
13.972815560546053,148.09946029922676,195.5389871042163,13.532737958518437,66.93086072408454,135.4735400417463,5.81536038824372,apple
22.907298835934064,95.16503326665944,249.50187613438163,16.122730384617423,67.1905919784394,108.23802288104449,5.550519062502228,apple
18.157356826581886,111.2875022446008,209.90673975178066,15.795680532535116,69.94528813176026,126.52924233271823,6.648694256003758,apple
17.37577548053426,107.21359897138274,209.0949103595267,14.219825156695087,60.49001976200522,105.12011612483012,6.852146305260901,apple
22.226182384808833,124.08971688187253,181.50284335857745,18.374141827915217,69.68085568936715,96.59274640610872,5.338714910498531,apple
15.086038932989432,132.34852010755182,156.78437432481797,13.03770041607694,75.64451617894886,146.8099984341498,5.47234881463871,apple
15.340511967941453,120.04282592303157,183.62707721110866,15.299773889527902,58.65273972312005,111.0663876764542,6.165679194040781,apple
13.940986042084505,129.08255796558115,172.9597721166851,14.261714720732684,78.46477088375998,100.26294972753136,6.787931502635954,apple
12.677940316798054,120.98281502306533,204.31059347527702,17.82515770038234,63.01138581157012,130.94254659040544,6.592804137812744,apple
23.547077490963147,97.75379255898095,213.06597572148607,17.022056994079193,68.02404759358281,141.31740482539536,6.2023288249106034,apple
18.09024135983396,124.79695742555475,205.7247108664788,16.609905501463253,73.53926560447117,117.2465795699463,5.656747169472794,apple
24.155803152822994,118.4728342198367,197.18055720826632,16.17197210743062,68.99776558676098,125.9805677596741,6.2345231429122485,apple
22.71970559768849,148.86143332679126,216.5367566998831,16.662654644550532,74.98867368123521,116.19384543473257,5.977700946218702,apple
23.170554595562667,120.91852330927787,180.80107899201454,14.958758945464238,72.21627331945919,105.57072827696553,6.402827401396573,apple
14.525403897418489,127.79827556814384,226.94503298803403,16.604807933928363,74.30240750539033,122.07200908087428,6.733283889739975,apple
21.203960857685164,134.4919085587697,181.91549288053173,15.118763110266563,69.4488189688837,113.71567825908116,5.74876689728441,apple
13.675474791171107,157.192704197184,194.36067708881052,16.0286520354118,75.61099370097793,123.33802314649667,6.529781036601153,apple
17.46883300489484,118.99129859654381,197.289574673254,15.489654807410652,62.174251134944406,131.67178103697543,6.019234984339076,apple
19.982294336867223,113.85059583709973,206.3128414075751,15.946935599360106,66.81998529977456,139.34248363123623,6.349437553831734,apple
17.787992382268175,123.17367603431504,201.8388349221266,18.757744469339308,77.19397036652434,125.41012082986433,5.395753256770334,apple
15.561291965616986,131.06005520016504,163.89362073572386,16.708782312427882,61.31530531697149,137.64880111141628,6.137081330814105,apple
18.96025774140446,105.0637225954905,180.9562781798473,11.693543203135626,70.60274252754938,118.07414713429614,6.4009072268404825,apple
19.101121013390753,138.03090260745006,210.7429456408809,16.73753334496018,71.73873705825568,113.1782586571354,6.162741042901945,apple
20.03688658727711,129.37984034077556,157.04852525417402,18.851323651292113,65.18240132173611,127.33427528812095,6.260511596493136,apple
16.74872199611824,144.19320506441773,209.77088171002484,14.810557546703803,62.6975567850775,126.35122578997577,6.337645734107705,apple
19.024483361566695,140.79644466507483,230.24265532106904,18.42955352508967,67.88509645294191,109.38712289508535,6.326857705459425,apple
19.742937699411158,122.10019291588006,163.53597336951623,15.51529220733097,68.43026641717118,115.73585053552974,5.920830438217242,apple
20.532941846017966,110.2942941586296,191.14596872759924,17.432572201907227,71.55451012705217,130.7080430610081,6.095610986113826,apple
12.69607679338728,144.55297288819514,240.799780691237,13.73950444636558,72.15399180634228,124.91672034085016,5.732450041519797,apple
17.468303118256216,77.39499059838826,226.82783033691481,14.906890337802176,72.79119475628092,139.3594254178182,6.452045704902825,apple
21.628273118394166,139.23521307607783,183.76309025768245,15.467555621312787,71.60680571096339,125.12858204413502,6.184234971852774,apple
19.427502094141083,149.56848547700358,215.56204427063557,18.24892616799836,74.81736347015422,118.62513007759853,6.176089473837054,apple
21.586842365520532,119.43896184649084,241.85436230843848,14.103358539068571,71.02276957809221,112.63869553956629,5.805493422950073,apple
20.72108357317612,137.0750614019233,213.8608860995082,14.329696499542662,65.3586432052085,122.23957688712626,6.0144405342023735,apple
23.336005838769317,137.8212906952206,205.79256965411275,15.425269263623756,55.26876867006824,117.01969507029415,5.958776154662691,apple
18.783128849026443,125.61566755684179,154.08142544609314,15.07711601657291,72.72827183975322,119.67055769428553,6.322400721592845,apple
12.63973656523836,137.59387302925288,201.08743415221153,15.534995570330768,64.53888515813634,95.56009362117136,5.830227878256221,apple
23.461446846122705,141.71039915691236,170.4066048871269,17.924940684643992,74.95513212999977,126.32560844061628,5.4900972251929465,apple
15.92034613096259,105.00839690884756,217.84923143470158,18.257756228727793,67.98291156684414,140.09324170259748,6.120003904533662,apple
20.411126557565645,130.77565933031272,204.0912579249144,16.871755474657157,68.23479850131216,112.73149732593934,5.9390989063125215,apple
16.497580482710003,135.4188078494554,218.71546654468577,11.81794556471853,67.95828021468579,134.02482648964485,6.060113036757195,apple
23.0384389809279,142.02169828970392,190.86547173294406,12.944561059284158,76.64158571201273,113.02299625564528,5.700286472987099,apple
24.83480583782054,17.477090154868975,12.228091600349359,22.785178302802404,67.8564367389601,121.00390294512013,6.1802094636381755,orange
20.237418583253405,14.381142537520601,14.397619943541889,24.98418105176266,73.95115573064379,118.68067814241279,6.786472153664433,orange
16.546103379872765,19.705933962612846,22.23899642171705,22.567054896518925,65.7637936675036,115.52320267793988,6.273172211364203,orange
27.01353189260052,15.906162304887026,14.54356361910084,24.816671217169798,75.230596424174,108.90702034937208,5.996413124882381,orange
21.69283526105024,18.609397526352037,15.417296256388674,23.340753370260206,68.17667396018578,109.50946312107355,6.203002439111145,orange
19.06510829354065,21.569776665939454,9.957247106807309,26.486569550323143,77.11782288458542,132.19290422510107,6.149457046259769,orange
21.940121932964377,26.794724345708598,16.230918972497587,23.886940580369483,66.48014002143223,108.75210442489376,6.511049501697138,orange
24.601967396125133,19.326366412623354,20.139922135609183,23.90586728728909,69.34496583042761,112.80036087905323,6.33502649114342,orange
27.164577038603102,18.46992371998278,15.321939808754848,24.983627484757246,74.36592318734087,145.9528957777568,6.84650270571845,orange
18.069424137604535,25.28599514216779,14.695891894207428,24.561368075154956,76.37971795570351,121.21852959224857,6.6075172895075465,orange
9.83264979197568,24.964522882397837,11.241117403624356,23.71803595046226,68.08865573604096,123.94863436306133,6.639034903855503,orange
23.43848468594825,20.424216296486428,13.72978835204667,25.9242403009376,66.69802267969229,110.94949874112069,6.4169891627248505,orange
21.926663049693097,11.083880571784823,13.951251209464903,23.751297659723544,75.01544080013218,110.20803080271759,6.817060964326249,orange
20.224685626515793,17.711955115462374,12.73028241054984,23.690797889567616,71.54511960182592,108.51270347107975,6.1919925299863845,orange
19.467500450998646,25.045319145258283,16.238794394368583,24.034317919829842,65.88238218514707,116.53236168818582,6.619218215648452,orange
27.11143934962263,21.22559726993739,12.599083370163907,21.29774312555998,61.7050664294403,136.56264339393383,6.81160829978327,orange
23.14313895064579,19.576265338719896,13.212684778359668,25.0773591006685,71.9931263377276,112.9975265802901,6.296144073599304,orange
20.605891058487224,21.304213843329215,17.5027600551675,26.153625625982116,72.30720825500802,114.32342543918058,6.9300162346377805,orange
16.795894255151868,17.68079489117299,15.419488834481747,25.895628749177746,76.86920932230782,129.33459459394842,5.963206728414278,orange
22.316926524703362,15.866132337616165,18.66877627683112,23.178129919750063,74.26837456926415,116.62560941662136,7.2165849792813175,orange
12.947589008884297,20.376126091843677,11.512880046133237,24.735790356140594,63.085758640350655,120.10091334458882,6.751622995854117,orange
15.35453336084766,15.646759215233068,19.46623398843127,22.503883846182525,65.40879009967398,104.80478799342376,6.928598435053552,orange
20.924512749775918,23.348916472060445,12.496636280458453,25.849466675504285,69.0840276046172,128.41281804779413,6.1817015437687814,orange
17.341815333586034,29.25075618573682,16.42206774224527,25.115165380282917,77.72749516624086,99.42920323411639,6.685627896530938,orange
17.180568945717013,22.366357501556248,11.59214972802276,26.580641908149424,68.23090372323529,94.06017314071696,6.727194741805465,orange
21.635485519336115,20.51347379944559,18.78800478300777,27.281909172167104,69.8960075254671,131.52202360862213,7.098238260316788,orange
16.685449821742388,15.72641156390766,17.854228746905175,21.404905409900195,74.72084130739432,118.50800023204256,6.51021986531477,orange
18.266987337021785,21.52065696302796,14.111612370018008,24.784051213144078,68.49115012298489,144.44611635099992,6.887648426719898,orange
16.81163883182614,20.967707534435434,17.036626472823134,23.745181045312037,73.11558591275188,115.63871714830411,6.3398279572253,orange
24.4911054478507,20.200662584649887,16.748609392040066,27.761179137008718,72.34629258231915,126.35780594116953,5.651978909894581,orange
22.32231074318458,19.105904195328552,5.883930832435608,23.584005423372393,72.89946835854442,114.59679620437386,6.5818862333568,orange
17.534087835363803,19.651476486084697,13.547126330425401,27.96267590791941,75.48941119462599,122.67515986964385,6.662436974690153,orange
13.420298171095597,21.57802330626822,14.614175730465462,23.86485056282874,73.4182697249837,116.27408654572626,7.187284524567336,orange
20.43209557405889,20.492225142606475,10.225317416701024,27.350107088173953,70.76916120498782,126.05361147137538,6.565895145399734,orange
22.22229784455005,20.696596655531504,20.36246157604919,27.93887129343324,73.29892440572453,106.47306824285423,6.4519131176366935,orange
22.9537493326392,20.8746029117237,16.720377966656564,25.032072659094595,77.14807962871164,120.12679850208461,6.369629249753868,orange
19.902755397208704,20.094325360247524,8.052925699740479,25.87389906199897,67.79541040510136,109.19532790430533,6.155998100914506,orange
18.951803899693,9.892551640012487,13.39583116408302,26.75200624709599,68.36958322745326,104.94372504649459,6.157075746259586,orange
19.972453244295888,13.323912340363247,10.950709235842158,24.699244266828888,64.1164253423397,119.7202623513201,6.580496424292375,orange
17.436567917911304,16.899716443274677,12.753512131712133,24.183715075798673,76.4963482486077,110.06736521778944,6.677747414445216,orange
17.563150283971176,22.479372818932653,15.227865753958156,25.341162857842622,63.44486246283109,126.7449936114785,6.921868495462879,orange
26.393801074330817,21.675753209572118,8.561501417645736,23.9952048592741,66.58463324090997,120.07546094455361,6.56356885555975,orange
20.617478358377443,24.256442840330077,10.532562215464136,25.186027760668484,59.901376863571315,125.38482215583598,6.146713970836474,orange
20.94791067087618,29.216650890891962,18.08110295205244,28.611541396946926,63.17994840107187,118.88385687326235,6.610963364552373,orange
16.140340053938985,20.860459697955488,12.568878856607135,23.248721442493476,66.1830854991479,113.49829179448884,6.102676795355601,orange
19.640862713694162,27.37568352540974,11.751822309149393,23.15087105532969,70.59998432007264,129.42452335610278,7.241215283162909,orange
26.27186132876799,30.750373954160583,18.8340073531794,27.501726078411288,69.86261990663318,122.66258280129396,6.583004218966402,orange
24.760247116908232,24.018901488162296,15.614285274863155,25.666602236812896,64.70292390996332,112.91117443240574,6.301462249784353,orange
24.580860520428423,21.51762598530701,18.070640765269566,26.502825352259517,61.53376588265222,121.59697585563622,7.092801154950791,orange
21.566111348287713,19.30890864888023,9.875646780609333,29.788253229470808,75.38587037935345,130.66997408141307,6.360536671767208,orange
17.706537805279208,16.35496126362384,14.458682894521823,23.446688735030907,76.95708885355373,140.76396251855823,6.787089657071049,orange
22.175639085780833,19.07805589369221,15.720721919282221,23.38275580199151,81.71036284723013,125.32257666173858,6.926932335035546,orange
13.500930719299394,23.702185688806523,17.91676174294253,27.051589378976225,69.6400437635679,146.69937062260792,6.629568463958233,orange
20.005275237031142,21.98532522546399,12.564243898236668,24.264792664120087,70.20099554231862,86.83895469984448,6.695190130086674,orange
24.15455719475452,17.877284143943626,18.889338764525608,26.068606270111736,75.58743153471006,110.1804195071967,7.17679406235724,orange
18.99610276697553,22.97160014439408,14.150187616572794,21.085849971548512,66.22714157887674,124.23150504978467,6.211721955154613,orange
17.507920829426908,15.789657097035755,11.246020857145613,21.697153221647937,63.59864411817005,110.28000238841913,6.71005173100149,orange
13.485219429608424,20.217105431317812,22.344240099847717,23.541367404810575,71.60875892588412,129.4328029884856,6.390951029227859,orange
32.143481727708036,17.901149499166518,20.07825845022107,25.847766022756836,71.23120646669278,111.22100702115328,6.699881664325384,orange
15.451099535922854,21.573138603875705,12.669108479544185,27.15057854293633,68.48101537564222,123.12258464483173,6.630908493334606,orange
16.333975914491745,19.004283628067416,14.804164331589432,22.917102146332986,68.99541222767905,124.30750944444925,6.709615962133786,orange
23.906277317081482,21.334456218861256,14.35568996428157,23.358769102798373,79.65475351793035,99.7322139886619,6.7530661990240946,orange
22.56786432356846,23.730201051502185,24.248279772633694,25.90004662125413,72.70010125695268,125.95085864312263,6.795312588698429,orange
16.794791428599815,25.147818877604482,13.618598101240128,21.776639918575434,75.45299987315563,116.25673862441799,6.968117730361965,orange
21.20040921229435,22.026711613906734,13.187306181053641,26.7211185924398,71.79523864983815,122.47116072172756,6.513080119678413,orange
19.499511190617522,15.48931600277145,13.83065516686228,29.431463460372022,77.2589030148239,126.19028310989084,6.027568963526276,orange
20.258237181915018,19.986743921889737,15.941117641530983,25.96164732387517,74.75469010468741,118.82727941170418,6.242226975401072,orange
13.113839382355632,16.74815000830254,19.072037956916844,29.091678535638238,72.65587906741345,118.36795198797148,6.586404263341943,orange
9.66157398669039,14.071730328044872,9.410922948587402,22.55608072944519,71.08319503830516,126.8470343777759,5.640553292366184,orange
28.0362401878611,24.187073515272893,18.356140467943124,23.17104284852343,65.94662469986999,124.82696371956753,6.250641127318418,orange
25.012308552702688,22.166870705139925,14.63992410043547,27.86673114293694,69.30459900390449,114.86974443039301,6.080377925000122,orange
16.207964071433544,27.663314068345045,16.56359678224565,23.431406828494143,63.36831895398757,124.18224870189543,6.193432951075037,orange
16.66980399691372,19.814086210731702,13.886082048197501,23.052950419030143,71.28253376810534,111.77067486239673,6.799708199239273,orange
19.667503420322696,18.6257507802991,17.63099153320671,25.690329640367032,72.33568590567184,134.02417181984245,6.72304389095892,orange
21.4104443264693,21.28694377692985,12.841239379754903,25.35882627110904,77.67984004792135,129.16524718411438,6.324356501249089,orange
15.134303808523725,19.162804156047624,10.806216701982773,27.06361743831977,75.00691509010154,134.23033938230762,6.343399672055766,orange
11.975506519016468,15.070730907634683,16.132596736204924,27.19253508836441,72.85178120102307,121.47740984179805,6.5465058236117235,orange
21.37997545728351,27.682068277115576,16.534558059192683,24.98238011580229,73.21284427319391,102.41545404630281,6.507680110773522,orange
14.97319793813345,23.77474166813564,14.04721089694002,25.955973850800564,63.93995080034463,147.71780450011337,6.231179371218636,orange
21.630413785054344,24.46015587684379,12.380894132688839,24.924264424032184,69.41907298897955,126.17452832053974,5.649413433051062,orange
16.010806249197888,22.33218276258198,17.259279415681398,24.917297828048138,72.76673933194894,114.08774536619808,5.802442949170018,orange
13.902268860903625,25.336063092609898,11.485586443062433,22.01380088191345,74.23526096239159,107.1840314132076,6.094155744857655,orange
21.199203135359063,16.32562782464607,19.592611320465302,25.039498069729945,72.65448158138044,107.36430380969658,6.576228798285654,orange
23.48952747576745,16.45315910399954,9.51329766351778,22.540516629067472,69.80749840317611,149.33982883174212,5.788312016875762,orange
15.812495976895933,16.425181204791777,6.021281441967551,26.944807284358458,71.7114313544187,107.43373215377812,6.41502539826724,orange
15.059836640906001,13.482187175874447,13.37912963973355,26.72871714843461,71.24128847448871,105.92296112062041,6.77030578494376,orange
21.179148996919057,15.618260588410495,21.637183642050644,21.81362152700742,75.87633958801467,111.55200122421655,6.536376251722081,orange
23.455766858657775,16.324309725905582,12.638280664129613,24.097047100881408,76.90577472924011,128.40960735359852,6.560863251446175,orange
22.526770325407472,18.268391060019006,14.525678580425378,27.448793415196143,81.92453045332624,127.45246735143577,6.165719800317758,orange
21.261241424477593,10.864444564840303,19.298111802184764,25.516992021248477,66.2165350728189,125.94364307797383,6.095390774784417,orange
15.909708182162131,22.35850316931461,21.8038184083124,23.955711107367122,67.27517702188982,112.09302375057364,6.408303705489448,orange
19.236146939711738,22.764816204792805,14.806307366863168,24.128807438069256,66.50583697978546,126.55399881075083,6.670398423698675,orange
25.119276479511015,19.65457064848304,12.620608669239509,27.210293951288147,72.3371032063537,137.35822663076252,6.943011723973906,orange
22.7700326775151,20.77231069820979,14.730573466922843,27.27961982144574,76.0595165322071,119.09612945979326,7.0116520769856745,orange
18.044185436124796,16.34447225463636,17.244446121199353,24.247137351115814,71.16689166136628,124.66210275391558,6.773934406942134,orange
18.56844276961978,15.131676232744862,13.67410857682056,30.180337787745376,75.95461907529591,136.43022502227544,6.009951405592906,orange
22.95960561448835,20.061899748051967,16.274532576649904,21.50007061976172,82.1712567360863,109.3513154868393,6.790222852234716,orange
22.864374482720176,24.927320585362367,19.711621456257483,25.412957641891918,64.50123878846821,132.82834817854732,6.860756091188384,orange
19.70496790308216,21.64165861602478,15.905938008412061,23.188630056596992,67.53181488606455,125.03481592491777,7.0293131255092245,orange
17.819574917577032,24.717537510190773,12.044270119837055,28.348399251718707,68.37162395443968,127.13273419914681,6.489695200399243,orange
17.341551810433643,24.06928543868301,14.02522199233936,23.77954264519269,78.40112628832497,118.87303798451356,6.310161591173211,orange
22.932264491455395,14.837078800872986,19.31072772113578,26.907262460148843,73.63038653238418,123.13976774615017,6.276172625160963,orange
22.092894019677928,25.3000216909038,15.975171673220569,21.716641890081714,84.38438487056558,135.431250343075,6.574529804369503,orange
25.789445843640735,23.988950519803176,12.568744266009848,25.25845657349667,65.09342245828198,115.0012342678072,6.317951001090401,orange
24.24140241559979,21.144995265319114,18.747718251991962,25.04382703406848,81.62023253260183,117.83375312564516,6.284428985419004,orange
16.66591356309707,25.524979513030825,5.986483213536507,25.546251566790694,68.39098499023912,128.89801208379265,6.107722349889809,orange
18.15554395622904,19.250728161738873,18.072176995428666,26.75944419371698,78.04211675754749,119.53127287425859,6.235526525645158,orange
24.716581660105096,27.438542845034178,16.539478064387335,24.29243152148212,73.94632335484506,124.38134472818507,6.237752231578853,orange
20.84815594905211,18.95695779096425,11.7991612826529,29.904069851655514,72.52090787193018,127.03175066363717,6.3533108587284035,orange
21.582611735351016,17.79237118352103,18.48150903774124,27.19699288279885,72.77240847022492,129.17854074595573,6.636640418838174,orange
19.73584624064002,20.816118792251412,18.540154009179577,24.79054116246022,67.60127453153567,96.47668304380575,6.932192079658101,orange
17.728963962490838,22.261293003078073,11.951295280834017,26.29487017513976,72.2046614002441,107.37285750819689,7.133738158349886,orange
21.135330251111245,22.519497087841454,15.903491477029128,23.620635924615407,68.40865446531193,142.71233318952707,6.084590156860188,orange
18.450555069253927,24.631940864803752,9.347102678715823,22.49824153150798,68.01392916986765,116.31828134513178,6.226360931359598,orange
16.818551587586395,18.913721837123568,20.28868062832064,22.95749609438149,80.84053252582812,126.8087513391233,6.050506322693761,orange
22.816938576165256,19.84383839163042,16.298554298820505,29.430886115076298,75.10645951502994,115.15153436176644,6.412355625503458,orange
15.544886631227268,20.648997568947312,11.786559318444525,26.914397271848518,69.40094020504011,135.97853429254724,5.923174098823866,orange
17.332715068057848,22.113627686335192,16.196962879719603,23.454857167537885,64.7882382162786,131.33777807156747,6.132855324304045,orange
22.79247322170059,20.296673376291007,14.366755132290967,23.82343174181052,79.62719329098613,113.64657805073011,5.443769540671735,orange
19.264568785827674,24.8641391033353,15.16162667286687,24.480544663647947,78.80160167486564,121.27044402763485,6.277483342834039,orange
47.9937838697203,59.25831274185256,52.157862226367875,30.87692552779045,72.16604914955555,167.18763529143607,6.6010439453777305,papaya
55.068655102344366,46.677346365604954,42.87873155823025,27.64514146855552,73.67865399000051,154.7876221217153,6.658093380775179,papaya
42.392645499799215,65.0018820867044,33.442683099104485,28.080553487222097,67.29995040943608,155.46440371665443,6.796617958630561,papaya
53.142285070000355,64.13011390711974,57.86622312452729,30.174300624650098,75.10304756226044,152.8931458873816,6.874140795555605,papaya
59.91666332247916,59.86129399582423,48.92957954840331,24.984951178934846,72.35315922278575,157.8036591531203,7.242786489141467,papaya
48.02051692170804,53.381690544816614,42.220004500899215,28.160337527942307,69.27054981565558,157.98036886587298,6.948134605867019,papaya
55.932823381437565,69.1052358687156,52.68224020679928,24.06948480639523,67.6607307883802,163.7493776558254,6.515425799294741,papaya
42.36382685123763,55.47136511730223,51.40137005373877,27.1000593026797,67.4463765198665,131.70577595639892,7.363513967558177,papaya
55.55434703548845,51.74586683622703,35.38463695961051,28.309170396138253,66.47938450454086,154.3786842642289,6.612110073178925,papaya
51.43503701972396,62.67264272899113,38.85547155128885,27.974332533843654,63.90554483233064,152.07512186089872,6.962237521842432,papaya
48.86509315071949,65.71856646299635,54.54468662704969,31.070773074365288,61.639809012694045,154.2581698749902,7.153320526981883,papaya
52.634405948859566,58.31650269664719,54.03986767424381,29.21213326296775,79.51399912577797,170.57274838936254,6.037973841847583,papaya
49.15499017275827,68.17561873378754,47.0277971874681,28.405793636792357,71.39353883124778,128.81418565283457,6.031464931232931,papaya
61.676916629273094,50.22216567331904,47.2532751258858,28.96999986108628,73.11383598199735,142.08080306879972,6.994716994540568,papaya
59.71194355545171,68.33767074255472,44.856697707229,27.821832741124922,68.51676197541673,153.07684363293194,6.960609371469343,papaya
49.240346406356224,64.41488605889135,47.28351244327652,28.18028602438129,82.56663862065497,176.82052321234391,6.512076300626698,papaya
37.827044807557535,52.62474228229219,57.43550905525798,26.674260965178263,70.40676841307864,149.8259473494638,7.10122886767613,papaya
48.62634773449544,56.613058878640736,42.91843322064973,27.901573976332525,69.88805673836542,152.50185593198896,6.957229451667569,papaya
46.46478792456702,71.47957107584362,49.92045231977957,31.613954969289317,63.96767077164996,139.11365556068233,6.370284451559509,papaya
36.632880855861146,53.79484530780608,47.75400046782905,25.960026543101847,74.79389144701766,160.2553912168268,6.602690219440081,papaya
53.53306035645169,54.728176988014,50.41476380630878,25.537583846769863,64.69660010673692,150.68514029581863,6.305208782024721,papaya
46.490625125460156,72.2081411088309,57.70788165008032,28.47043359236913,79.96588328384365,154.31904046538307,7.146548420958215,papaya
52.32883380892376,59.928977092231385,43.11512201454698,23.04555090917431,67.48116635097531,152.92168818147135,6.781526120576375,papaya
45.79906298984861,64.54774472287473,52.64066900619834,29.786628169555847,67.47841249369482,171.49777296944433,6.772601794341441,papaya
59.766135987882095,50.28026249153218,61.32605421213215,30.513456727167995,68.30871772980545,145.70639631945207,6.799059403019009,papaya
58.10379711398909,59.61756121675152,35.843045237809235,28.12551794348567,75.67590539382536,148.46428757411942,7.008551849102077,papaya
50.445952539841414,48.38303964824651,56.22403857277347,26.962986521595447,78.90089467128618,148.69986229858034,6.922210259466897,papaya
48.20995036408877,54.80448064861042,49.89931589470151,27.97576022703128,69.96879870626697,138.41753691857502,6.028418204547902,papaya
50.159900633834866,50.823335780264756,55.042818609236726,30.81376582749473,76.46351020772907,147.63760977971384,6.686335467543753,papaya
46.59387739651463,62.30857642577837,46.06136509829277,29.207258522958817,70.88105268208,154.64569232305766,6.594574928128451,papaya
49.4047111099832,62.458799205952445,42.085160928142336,28.867007699948047,77.88575422420445,154.74295831862216,6.745724724501884,papaya
44.34154246905187,60.504279513813785,39.855823744005235,29.079626572912428,65.4194855076319,139.19721146651494,6.186921255450153,papaya
53.162235946427366,65.90284493273836,50.76085555228541,28.470923315297124,74.36227136391508,175.72256043546432,6.670701414460768,papaya
51.212096741463824,61.54096283548834,51.95582887112238,26.16118687407305,72.71661802108287,147.18848947508656,6.599438712898415,papaya
47.85410399765123,48.907155252784655,55.50126385995339,26.359184553164877,75.4366017682735,138.29272403212303,7.251329368795416,papaya
48.111157200760154,56.18738998107641,55.77502260350906,29.27601465269973,64.0900943882961,144.4275799935215,6.593638732854391,papaya
46.49932796112038,61.39244973687924,53.37406487409068,26.143533973468365,67.26001263124697,168.7586140058327,7.360180889317461,papaya
45.19882076640461,62.438837346716895,46.59399366189767,27.028643125937375,78.25505463872516,143.6056275886078,6.833480173038081,papaya
40.662119696207924,53.710529277612096,51.39501097445807,28.475516704481333,69.49632400440535,131.53701164335558,7.0797244988820225,papaya
43.98946513298284,51.776057130740135,55.343106651150684,27.13879499884738,61.04470661462007,158.92843427467622,6.871812775644984,papaya
57.63739999262595,50.92669094132917,50.11573790655073,28.644395179204878,73.94060306655079,135.39562041142491,7.189115848130449,papaya
53.35526981484588,67.60272980842723,53.67032488322584,29.294935921141935,72.15684609770375,123.16896185351703,6.60132256864952,papaya
56.70315845563034,62.28324337130002,51.72697314077644,27.065908632212796,71.92758909021452,127.49412560234873,6.967557468058593,papaya
51.80730944928217,52.94894637919122,52.22673952363213,27.454932708519987,68.47660158535159,151.06158643939384,6.41172130278539,papaya
42.124238965275424,39.46921642552648,49.184999869636066,28.442187156137308,71.17381564436788,150.25555035328043,6.760508186530853,papaya
48.85718368123893,60.65381666158806,48.613639291387564,26.518836898354678,77.55898277445974,157.09530813679015,6.365765791705971,papaya
53.38598905897452,62.32208984124908,52.61122125971728,27.735747820855437,71.30585557342445,131.74776672609204,6.374015509287055,papaya
57.62726202456679,59.905785524307404,41.82388297471661,26.85256305165507,55.350043923434114,141.38215754305037,7.282504665249776,papaya
51.96905258054785,51.80735981273531,48.76382279309013,29.610669268261322,73.38997821884243,165.86492465356557,7.110970773381477,papaya
57.14149953808787,54.26181284752712,48.771808941922735,24.614543017823195,68.81051596507973,166.36198904178713,7.329502775437737,papaya
47.97171764473434,69.73897240322427,55.65389683207577,28.515065849747092,75.16933409617378,154.02159956226225,7.2668720852178454,papaya
51.33222118979246,65.60259996787893,50.082017456193505,28.050741224064033,74.60073910868942,142.27517119293634,7.078233443030546,papaya
42.663322106126664,59.11803727391131,43.60967321632563,29.444036084583512,70.25329667827337,158.49537513209606,6.769381487350973,papaya
54.28269852319796,55.390269644406445,57.94974986679488,25.52321253518925,76.91663005223167,153.18671798079953,6.468715223742372,papaya
59.170532703715544,62.96399197578236,48.59949942386146,27.53306726984823,71.34275810237035,164.8777582981659,7.0764924264120825,papaya
43.97003717130609,50.67293334918914,42.87457085385547,30.7829525547507,70.7457367341196,126.77510166693082,6.175538912126574,papaya
53.41320265043063,57.90145698261185,54.35354838873401,28.622734191702005,72.44460968779667,152.2303097222032,6.283717219749042,papaya
57.16613268133485,66.51576519261187,55.37984649667318,27.803689527921872,69.90864775255085,141.82365581685312,6.60782687705103,papaya
52.334618554770174,56.47803832977166,56.682058380386266,27.252155728913046,75.46209213354987,142.40205813230287,6.37144050968909,papaya
57.06704322109905,57.419240456380194,49.613207910367464,27.870518332829842,72.88234628262839,171.2322683847403,7.0163508277447395,papaya
46.3218889468663,55.90325698154563,53.72522320938635,30.288298494224584,66.07652849483925,128.7496376360024,6.627986450497233,papaya
51.93325888573006,60.343703763738006,56.254075588299514,27.605295075288897,65.31066183937696,147.14941028912142,6.376109904698917,papaya
51.16224735228977,66.0385734186679,50.43939795002509,27.1848451534345,76.50467720883057,130.10067368317561,6.543103521388585,papaya
66.45282210020193,54.81084172067482,53.58282709786881,28.006198554865023,61.581566199215075,152.94353434736624,6.723340354934081,papaya
46.44684835465379,62.96555760340015,47.54016105796943,26.371819467409075,68.30001303275183,138.57428122651493,7.545474297935539,papaya
46.65178714956614,62.99516936171243,50.36746407734766,26.52383100876282,73.5865730712201,147.68716853128194,7.084965231970531,papaya
40.205755697368716,53.94536090312282,36.58633702582371,27.853402284624497,71.11797259084233,125.93231973106924,6.497990827529719,papaya
55.62754153357562,55.48564232278757,49.97707570210255,29.784004793295235,69.50193469703589,166.54366859294214,6.7325692218716915,papaya
51.0507135972153,57.7651878410504,49.37211929753755,27.48784129342811,69.33464728468198,145.23810433886882,6.955851769912202,papaya
46.46315721356506,64.26629906275322,47.94198856342726,28.176826445944602,65.33794621942154,155.48476321667647,6.5620131007843865,papaya
46.25248382852126,70.37879035965426,46.646395926039744,28.870261570631637,71.46376261406424,155.4053649893925,7.192507356996843,papaya
54.54659219003818,48.64721923296289,48.427673076148956,28.583474279880114,63.902720702408594,142.16906698061976,6.655568970301987,papaya
42.94393656010992,54.375553732138165,51.346404583695694,29.324134988070412,66.34726394556596,157.44774342721658,6.910054437253555,papaya
62.269620457059666,67.0638890609249,42.39268703575324,32.30619107090445,66.96094340832992,136.43030653901693,6.531718328141273,papaya
50.281871358560984,53.59594871565118,44.87227729565632,29.425974987922487,64.88685841575276,149.93412281089073,6.138603527409117,papaya
46.11409201901294,60.820319030872206,49.44754956578705,29.47545918256629,78.49887033508253,153.66382099697853,6.798529750320673,papaya
58.16267182303193,67.77151659613243,52.39318635197275,28.677128194863567,60.69278266131383,130.45573005641307,6.812014305897408,papaya
55.8362885734129,48.95311952064997,51.620190331282124,27.857639274334826,74.06848830281506,157.50860953319037,6.776749641695233,papaya
49.0186892689899,52.631739611501224,58.3570778361966,28.053812886823607,71.08280553556948,163.9953453363354,6.849051199312294,papaya
46.89428522728381,65.80989786574835,51.84496917429616,28.925345857383668,71.1048345206888,124.55429265281991,6.70228175906348,papaya
48.28664876417678,68.72408867242679,50.91244810465213,29.988523608332407,60.55561670643023,154.0602182472804,6.296564349237078,papaya
44.78140744883985,56.32260749476444,52.01909248134129,27.193827886160093,58.25435704476393,136.0351792790598,6.542065420457684,papaya
55.88505167677729,63.51494644134883,46.81434327309145,29.790635595829006,79.7487252133848,169.13882222692393,6.567758950230864,papaya
38.84998834973072,57.62272875391577,56.990939624127364,25.230888090075414,74.56312797198672,160.14812544000276,6.366595817566344,papaya
50.95355721697811,53.56742479759289,43.986852731980015,28.096095385755866,61.875694262725666,160.47967158823565,7.315717806259808,papaya
52.65054433763446,62.81210145231461,52.10592012666445,28.072087874836654,69.06504946332699,159.47884658261742,6.859996350126093,papaya
57.25853901303512,59.46618641631634,51.73138481794306,29.905001721602478,71.60933024766565,145.7186684914031,6.856804352432982,papaya
48.979016042434964,64.50469025931892,55.449136268685976,26.584792776896414,77.47252645964676,157.54113313440408,6.927750635905148,papaya
52.509919135245866,75.06963454987894,43.17463861557997,30.902995644674903,66.82232375551199,149.45578862239793,6.437190974817725,papaya
46.97524390438724,64.3491907378657,44.83840028203596,24.00213913638832,65.94291127235091,118.79269097872837,6.105982957653768,papaya
52.432256666668486,54.799126332710024,52.89762986754596,27.772147392054507,67.88351186174248,167.98795277107055,7.076037833458998,papaya
33.24605123806606,61.245641718600446,44.60325942842683,28.314636168609276,79.9352569467833,170.91094089647783,6.501945985598114,papaya
43.96050093361236,58.68307272320659,52.04465153309838,30.7970778775476,68.06370248074828,144.91056496424883,7.069346201535318,papaya
53.46566868320682,59.5029582858366,48.93219130497242,29.043793856851302,64.65271788565127,169.76269754053408,6.780258364346176,papaya
54.55328066495515,62.35793491486972,37.46544266581575,25.901195036780198,68.79000354128839,133.92517814432324,6.779075170733428,papaya
60.882890352669094,52.03652975535402,54.641933808266494,23.710103744786096,64.7219697215218,131.55599180146706,7.034000685636751,papaya
54.32129832362444,46.42407826632832,43.752601689294444,24.861165818382073,64.69130784684558,130.31203659331754,6.786859301290914,papaya
40.995901160007584,60.98325017877644,38.25406056639399,30.055200201466484,73.24505817476722,166.0602564046638,7.28424747330449,papaya
42.49853755098858,55.104173465195,46.92822023137867,27.527875992550467,66.17134804828659,145.00043492166625,6.902140863413402,papaya
37.58482977463764,48.432103026141114,45.50209894570654,31.07925238651259,60.308405451300885,155.55082651617184,6.6935900178796,papaya
55.785179723823724,48.936203842144145,51.76240433452383,31.43323904239795,70.87088385538922,134.3147020575796,5.980600303577964,papaya
44.03473080676178,69.45712493248166,52.82459445466404,30.528822484064175,70.91843928125711,162.05581130523305,7.213928277963212,papaya
43.98460358870504,61.99028685835275,56.68086103780964,26.195277136905528,71.60436140584117,159.2890567642798,5.751072890750731,papaya
42.66276583802858,61.34864521493547,58.11983681427124,26.648822882100482,76.55022210615546,168.19810104398542,6.522448164720665,papaya
55.842949848800046,54.80564880349537,45.762449296742155,25.856722865732973,79.18542152100336,153.04211274772064,6.794060837129538,papaya
50.45953839812269,55.87169834895818,55.083936154030056,25.078905380035867,57.898968133733995,165.84471588734615,6.539289689280474,papaya
48.64544477063258,60.71375464500196,53.532812129612324,24.70213995320106,62.94496978642414,164.1457297953638,6.610568571778317,papaya
49.06758798084308,58.30618091668706,47.74717027353797,25.521955956857173,67.96063241400921,138.13611897688205,7.208893732737296,papaya
53.71717651289757,57.67261761339624,39.89910905425197,26.622822663090925,77.68310020041743,166.36273348374644,7.240991636949836,papaya
43.102532017101446,62.19843059709994,45.126927497895835,25.644409298752464,79.69828344725961,171.02960498594152,7.261869282612165,papaya
51.029879476153305,52.8441927639004,54.7365143411771,30.143263848008793,71.41076431788937,121.10219966204384,6.697192202298259,papaya
62.72632051942176,68.31798503548872,41.021546395071276,29.714557987752823,77.17009733746606,172.2660300493343,6.803193179937459,papaya
41.90424611738567,59.1494582415925,54.976946339309656,26.907848805448154,72.49172178073425,149.92689184427283,7.143547462978603,papaya
49.2428564449984,60.87921882625303,52.35833247913369,28.959164970461497,76.44773775810832,162.45407573651804,6.216692346578796,papaya
64.28148988986864,62.76795622443407,48.55808686024299,28.47948283394492,68.7812840930384,145.0801023189647,6.706517774787364,papaya
48.29641704698096,59.814664147491,48.00057762716362,26.954746966039515,71.70967491680572,143.1984239629372,6.63197969806519,papaya
44.358200719552514,56.14048683370373,47.1660201097949,28.590092227241747,69.55714425411865,139.4958440280049,6.788000403268958,papaya
51.085758496679276,52.21782899606674,50.19284087555035,27.765938113611238,72.91771984355428,146.35858971519582,6.427418588884098,papaya
53.89397669255575,65.62897705025176,55.835549266975676,25.737387511797216,66.22029825450305,142.15653205252724,6.65541620783534,papaya
49.09947665651227,68.04840895990037,43.07440876773865,30.08067606073116,59.948685049438716,187.64532442683475,6.339077333280795,papaya
11.486376369961704,16.28903413612803,36.33520423988645,29.413347682504288,91.62323950266658,206.68700296008265,6.375357031014965,coconut
17.220169280890044,22.614294288459824,29.50635051757569,27.171576188883698,80.61772777621886,231.1228132571503,7.099814815618582,coconut
14.205629310851881,27.19737110960543,32.61034548463129,32.2538040486376,75.43382305502553,213.04135532753983,6.850794019661553,coconut
18.025556550089114,23.724546113007374,42.79507460159583,30.518092154322222,75.87261117727887,210.51891884228115,6.599092794280998,coconut
17.952573600460152,21.92679190542724,23.411225213794665,29.760233214380413,84.33639292689892,197.75825934039173,6.069095892522644,coconut
21.012493583995614,23.842124927500226,29.42688187216476,28.797062656345716,85.0688704997488,219.48438060497492,6.222937241428722,coconut
18.117985768478366,25.0188846087915,29.63452395737254,26.798059349078045,78.62323784300733,197.02603215408965,6.6919335014151535,coconut
17.48411558678007,27.109717132803933,31.96908713605045,26.51338835714335,81.71589960094707,220.72709058805216,6.6252078908402865,coconut
16.871405766990716,13.122987584692213,26.030093646532286,29.47364853791695,89.74885906085633,180.95218888840648,6.476504705828341,coconut
15.30034606251461,11.14618501088916,29.2533055231232,31.374983244502516,84.31103048786969,173.65510699295442,5.949340610326566,coconut
24.199650070572755,16.711294130320713,30.86791233910869,27.178187926327034,82.10804310487634,222.6961494480588,6.711846738394442,coconut
19.595897937948312,13.756908575540082,28.138257300596102,24.7627457208381,80.44254370950446,188.54940366725629,6.341529944531746,coconut
13.309486634028062,23.355125038537935,33.51577005480365,26.23621257048116,86.93411839170258,172.83037876232038,6.7337802246347405,coconut
25.429278291715423,19.59432133648022,30.884488421016567,28.44021252825062,88.2557751714983,204.16990076891963,6.481149921262791,coconut
21.182848439946483,14.801555146472852,29.18556957752469,25.92328359156908,73.20477648635696,141.52847637688913,5.979749083085134,coconut
21.785325522472395,12.272678040985856,35.4193032958707,28.179706501697364,85.07592067308276,202.10182856189476,6.306427920067146,coconut
21.00384497595609,16.3218464013775,34.98870172386402,28.035288352259734,88.26864403946378,219.37906455588967,6.70864872215944,coconut
25.104770647199395,18.892573987153476,32.079208270704136,31.01033822725882,79.62853936574895,198.13920372340942,6.449003078162853,coconut
13.88926923591244,30.325125922879295,35.624166795727554,26.826052629655198,77.64007424217132,206.42088014851052,6.955737075867347,coconut
22.56629374809196,21.43474593051881,29.401131631549116,26.39126164627228,78.08834483114032,182.29653543620108,6.73130480216555,coconut
19.05823007225998,19.36711822436601,24.202363828095024,26.144147828895406,79.38460464538912,221.06136562092846,6.27615522650976,coconut
17.911623865960912,19.308718138493667,29.791007925540267,30.298920721448102,88.85051029089672,217.4256459395511,6.573795890144964,coconut
25.329877510410547,21.153136609986507,29.247930511452026,25.077039449432917,66.89477860869738,185.7363015017973,6.062299945541312,coconut
16.450282111711513,16.68030635921041,29.84634797727203,30.833449983030892,87.54217122273138,182.92039645724645,6.986232603096177,coconut
14.379703544900199,19.568130982406878,28.03487588519632,26.695268508395195,74.00424244604918,207.48323876662187,5.884077981454375,coconut
21.907370745146547,25.26639547914453,26.791776285344408,26.24654443919138,81.6909780226704,218.31796967994575,7.170728012340236,coconut
16.755664891462,22.306038132121223,32.27986155973423,31.22908274818246,79.36254758084551,196.15908372055327,6.290176050807992,coconut
17.87023052022883,21.944546797988327,19.8919020044278,30.59120996791615,82.73019050985397,223.0483662389469,6.431841752095721,coconut
16.1396882684238,19.208221547153343,33.289269325175084,30.26116707871351,85.11577527139467,187.95332496798156,6.460259986098757,coconut
17.73238565822753,21.7713027175278,26.965340474101218,25.932398944668837,77.29201749667675,199.94766948878367,5.881150544167001,coconut
14.07164753395152,18.786249515162474,35.74537680096983,28.01181582391837,76.34327143707779,167.69230349310305,6.133791336998298,coconut
24.531513624328337,24.37990827127273,26.040694522468907,30.263892140828105,73.80256629828665,175.12402321413649,6.859425031987411,coconut
17.826077859051445,23.846200305465032,35.8083637692834,28.712996170806456,85.288915512602,237.3181222427301,6.760290792980628,coconut
25.92148152285599,21.8981459511923,27.47129810648999,29.001467083837493,85.55021915937188,180.58797457459977,6.58566417952818,coconut
24.759098440986705,25.77889643909159,28.038858575165897,27.174298266680804,80.26096833136143,249.2155841439273,6.267182599609155,coconut
14.004330731951878,24.03308821521219,24.203090240446187,28.685453502736053,76.89716756662646,223.41011942813535,6.339596773833262,coconut
24.248415430402616,16.97482722656483,33.249746371202264,29.229637314698543,79.48845987712711,230.30862182922138,6.69433454618708,coconut
18.70523647795583,20.46226576291729,23.612584049090017,29.1398420085609,78.70604228837023,218.68235652128473,6.382350501640781,coconut
22.408898405707077,19.518920323107565,32.670664422081536,27.52931791835293,78.43576036365634,182.75751267018634,6.0849108934199245,coconut
16.17797787084544,26.356595197061168,34.755247388377605,28.8802956305918,79.12193170720323,195.2970013492636,6.174229708200577,coconut
25.688462179022668,20.925134411136252,20.06359115034785,27.40611789507194,86.07701471276799,192.0303577891228,6.806163742035385,coconut
20.344787317320538,13.97860421016872,30.46367880774823,28.64588744129887,76.8241312387738,209.66873954671007,6.962304623527666,coconut
24.37485938421294,24.10711710552654,24.768823310284603,27.797287007200197,82.19285758603333,195.62188983391715,6.10003337725884,coconut
20.54197014214425,24.647685378600684,31.410333058049737,27.258031626272214,73.66200310264004,199.33510481023615,6.596318820325909,coconut
21.451357966953843,17.66671811383816,28.74415709569849,29.65920802698414,75.73923530680271,205.1055042316509,6.42175207824457,coconut
21.682158757306947,19.495890711756168,26.21396845704244,30.784042212744065,73.94873385954358,161.7661182069402,6.602289670368124,coconut
17.08468144172313,19.54717793417489,23.01096283163711,29.74610973682202,92.15544786939643,214.38875304654533,6.433022888097047,coconut
27.707512312818203,18.126790505111686,24.570479526883812,31.794445570321123,87.7581280474995,201.4111881482836,6.409625360050827,coconut
17.317239202499422,23.510248283390048,22.733617969182266,24.76763344388562,84.82039547456007,218.57124803002517,6.3785099874154705,coconut
20.238840644397964,19.766814129955236,27.88761205917785,26.42264496229538,80.54824425444103,226.46283434181143,6.99176149287898,coconut
12.230022536098762,18.679959520779857,28.618923243161813,28.971902741585254,82.92489018415425,213.58563866540908,6.731227660917632,coconut
13.213412164849183,18.75169628993787,30.605211443960282,26.447056808510585,87.68447553080117,164.5704311788538,6.4749002923916,coconut
15.89132554060528,21.34128049841223,29.27089528563413,29.155223612280714,75.46425123651845,200.83139831740507,6.200150156385029,coconut
25.6090876463216,17.575161568051776,25.633869754848085,26.578797959239502,85.63486906564816,234.81166743499142,6.361958295875926,coconut
17.406578108544664,25.76045247520249,28.10867100683022,27.18045785309681,88.681916835567,236.4712925279013,7.275573645598518,coconut
14.412878052835978,21.616229363258395,26.092375927602042,27.465149804162497,82.3512701000646,224.54004485902647,5.916755786026287,coconut
26.935129284871742,21.914808359898245,27.989505946129302,29.03728753290124,77.81530626940054,188.38537337774113,6.679287541724713,coconut
19.452737681391067,25.94677617606729,24.227872416502485,29.668814129893683,72.06940497142074,205.13375226842697,6.402485798746361,coconut
23.643736560640672,20.127566451381874,32.64203273300148,28.284748746722144,75.72954177528848,181.1071958296988,6.566568111142579,coconut
21.67507878956405,17.435846545969426,37.373821437098414,26.05810322934474,79.23759023855959,144.15559182339487,5.910095021417902,coconut
15.301338747126177,20.276964029693513,37.193204393324336,23.072008202243904,80.95257461015589,221.5012634566734,6.254499116165179,coconut
16.722355964382995,25.455144199601317,28.20693592266221,28.133191299532086,80.4565214832014,183.93541087297797,6.813700484719626,coconut
19.828797718231712,17.582350679610357,28.138879219405222,29.005604935412794,85.90354179269484,193.72954044552208,6.573535673402014,coconut
17.683266284845036,12.90741913421477,28.01820814267208,27.894309553140438,76.76080281197198,212.33676350083735,6.590087140629935,coconut
24.77070554349732,26.009762046931606,33.407922856079495,28.075896649467634,84.06486391696536,210.6956944492977,6.651677575246791,coconut
20.088460690005203,20.10295339616388,33.11902200811029,29.701508666703077,86.71693042190851,195.68864026312,6.517770014293696,coconut
22.298640891937687,23.8900878540959,28.304166154782212,27.900013531921644,71.54112086215136,209.5936940310008,6.823639511197651,coconut
17.30743855156636,17.145098993139108,35.983921838190525,26.164784541953985,85.3251576279166,180.58080886675847,6.534639080931563,coconut
26.21264580035259,12.747889837336682,27.46508284254934,30.470838517110426,71.37756589263253,197.62807821969767,6.314166744950271,coconut
16.14918200111932,24.104624497378076,27.00405994818827,27.74421355230782,75.04915428501107,187.9406100972068,6.432345592150585,coconut
18.11391568536468,20.753114498766717,28.580936216534358,28.141030488782423,78.7274342864336,187.7147644111061,6.630906611492995,coconut
13.71828196974619,25.21557847696736,27.375262253891346,32.901685056207604,77.39154895753651,215.8787798629181,6.360796373513519,coconut
22.452819102945956,24.635658016975817,24.95536200062184,26.87304003410033,79.41592703012803,158.75424811629517,7.046395884733979,coconut
18.200338904352478,21.787945056453257,24.42621235507067,25.539661630331977,76.35317455276116,202.17936085954733,6.941065560496856,coconut
20.20525336029989,22.405870330424108,26.44498585913916,25.442971042233218,80.2259297099693,226.24185772129874,6.685960791968323,coconut
18.341219711381644,16.777079841217425,28.818033780164853,25.983888101888763,82.85918973149977,179.89843478002172,6.048799308745677,coconut
22.079514422849027,18.107938991879596,31.184232218438623,26.454830157483865,86.07668586626865,190.71008942274256,6.481436705368703,coconut
23.054094154542195,22.573857650046058,23.589197007411073,25.5393799817148,74.831532624835,209.2096031887539,6.845087575273793,coconut
23.599225150316602,12.921730744296195,27.61557364545248,28.48249499753469,80.87116531097328,206.76850063138994,6.747507563867889,coconut
21.027172207670137,23.65618065390161,27.38109322161698,25.686678162402707,79.00936120048159,217.6557321747817,6.763933797189306,coconut
22.817396662261483,17.82543441301131,25.512413756819342,26.774190383646417,83.21131851500543,192.4012305983478,6.878786187950423,coconut
25.898860916456833,20.03147135080931,28.17811650946151,28.53987308937139,75.15426154636519,210.05882686556956,5.824737614148462,coconut
17.643744445669185,19.26734355304764,32.33472154152287,26.94941016777495,73.56272678725065,190.8738740177029,7.176120249001034,coconut
16.925280323943507,15.282583368976596,29.44544370559051,26.31701772188938,78.05484239769615,208.0466297174464,7.056943536055664,coconut
18.922101708754997,16.293944277336404,27.454454152506877,27.885054609073872,76.74632465800389,184.77586221503637,7.1193691243234944,coconut
22.84800386991843,20.05287646235788,16.132260890662614,28.156397220456803,76.6639608232004,197.01740136096274,6.79222993855542,coconut
25.09120732502673,17.30617338606963,33.10810202248221,24.38844275072238,77.84680178864085,195.68950967727574,7.107596424543258,coconut
23.078159487194707,21.427791443417508,32.34661650553737,27.409353996233648,69.4064165401582,202.89536085589583,6.4443806623795075,coconut
23.105873271588692,24.23084733505658,31.18135924392196,24.818984621724212,76.04586401261275,190.39222665770606,6.793879100987634,coconut
20.510988511015057,14.22996976386484,30.80386614784851,27.876156574178246,76.74170147527123,189.92230051898352,6.35017729607111,coconut
24.14393567299013,20.127947381540892,27.298841750608364,28.25678717591792,78.16179664910082,195.10469857083407,6.691948595844353,coconut
19.54447926307133,22.183102143432986,30.685395203365594,28.788752476021887,82.77916832022653,222.46509282202993,6.860353161807816,coconut
18.637778921520933,15.771200314918133,24.25230288770102,28.613004397553574,86.44081817316088,209.00261164389568,6.496217103098318,coconut
18.27105851927816,23.084422984031775,32.641378622157006,28.86727704129669,82.29447483961798,223.18537331170924,6.885635320572894,coconut
13.949508582033634,22.114494811549203,25.198340848545392,24.125085946360027,80.72527928696313,153.66502514721748,6.657037735279852,coconut
25.29085137460549,19.860106588197077,28.91020428518764,26.087730220750043,77.68087830990456,187.0719907565565,6.87016498837833,coconut
17.645196149431484,16.27198673846517,35.22549408400714,25.448020610561176,80.38978246420476,190.77555788953464,6.525672765205084,coconut
16.756997937649054,22.642112115125265,31.931265034470396,28.750972945847202,72.65666946239467,192.23159115655278,6.363456356985212,coconut
19.724015400734466,20.452561083088277,24.224306950957924,23.122271812460628,82.41322565507998,213.3085897309659,6.962329088882357,coconut
25.542810911604604,14.78420509093528,26.62517798843279,24.492399737282575,89.73151647074162,193.20177224874632,5.840995090791615,coconut
26.02692717833127,22.653961589545233,25.93818305009146,25.00528330769237,81.6347546375945,228.92771502524965,6.34914566600107,coconut
18.809192238176713,18.40041319529665,25.59517281776591,28.89908823098756,80.24227048962662,209.8604203536813,6.465828913049149,coconut
19.330841867358007,24.146961801072443,27.749411301623095,29.37749825366424,77.13455545978235,212.7257439218472,6.714599461524352,coconut
18.73127397804104,29.394076694586587,31.61169525319844,30.649153367479286,74.38672962086841,259.9761362589233,6.6706043490493006,coconut
23.794505692203828,18.219832230388825,28.463466537250287,28.907316492247258,80.70297873996344,223.20397064423835,6.939633275745128,coconut
22.000584291542143,25.90190940743326,32.40212019697246,30.070506364293387,78.80856575247353,202.75269900382293,6.443211609466762,coconut
20.284027348787717,22.06072954891274,28.863785314144256,30.84217981183368,83.72244437557549,189.34122416014674,6.451441231677267,coconut
27.97171370459867,22.85186273818193,24.635601928981373,27.111141239824473,77.24264248534834,195.95514186887257,6.221905533193207,coconut
20.003924551153503,22.064418858354,23.487347625056245,25.087547659854284,75.1451486040868,213.10131547126323,6.9292639330236305,coconut
17.065564971775483,14.266180106813703,36.21720824293259,27.737787228167534,81.71009538471054,171.8496649942276,6.6850459362528225,coconut
23.857860321580343,19.95247669982481,27.805699559764026,28.557549670014378,80.14010412830967,222.85099876364103,7.022879492639782,coconut
24.721578796336434,19.97050762919423,34.268810424330695,29.955138552554306,84.0726433560776,204.2903539579004,5.87924220250685,coconut
18.88017857168608,19.899942598450473,38.68482753199792,28.73386785015113,81.67740550369422,175.4918564871813,6.785076613295394,coconut
22.37890651972614,20.146556879352204,28.26916675461749,29.26749580354965,85.12557641815158,176.8079572749295,6.3838194605857455,coconut
22.27430607011038,14.493313215230952,27.85588647701444,28.365082438666146,87.82983352447395,206.07285241944103,7.03920149035902,coconut
18.992255840241604,17.430963359896836,30.60048482227472,30.11911559495786,81.44754465722356,200.48922624695402,6.889585526903191,coconut
20.212576549694887,21.616432212774928,37.721715881764716,29.195683034164567,76.04642744456707,218.8443272774733,6.452729351030478,coconut
23.336549071925432,20.781862305783516,27.645463857576193,27.872448977804012,78.926013548958,188.37919242265986,6.411797353021982,coconut
15.194510007651452,19.03025690398554,27.41015568164185,29.662199445784502,76.54375627827623,206.5602730686519,6.674286427686773,coconut
20.375868181911066,22.662863112883215,30.091500439817565,26.069211921181694,71.08078946464023,206.2288110994612,6.8381213902693645,coconut
134.23494816881666,34.11836206162339,36.58617235466322,28.56860112096827,55.379726082734805,103.82926933572153,7.062995788876559,cotton
114.76722496138426,39.33469779735886,37.01553242243371,29.505866393512008,53.22217720987423,97.47758851257309,7.013980947050305,cotton
134.50854012813107,44.30652488663047,36.30468861555569,28.77766803144443,56.77425683804913,111.67748634824561,7.019951296075622,cotton
94.3726514704387,51.835994052084594,41.99876228192137,27.483987059736013,57.769811809040995,99.9710036303313,7.0697180997344455,cotton
109.2672340614698,39.06943765703579,28.995521503571723,26.702858572094833,67.21031960077134,106.5597377815485,7.031647779452546,cotton
91.58212526420424,42.09126318664285,37.209152048746674,29.51428623359661,60.07200735750632,103.6884976450419,6.997959807315141,cotton
120.9094423144931,43.44947258148965,35.64655105018177,26.48862964235008,61.49382864121906,92.14299232679681,7.313596029982416,cotton
96.57659214680889,49.88764327835502,37.93090653323257,23.24546975579219,50.64662619650474,90.71037520313385,6.612553028321788,cotton
126.09813602084515,51.84205191380011,36.513359520290074,24.633821949132837,55.29138981925652,108.59920949189147,6.904738375770307,cotton
134.2857538921282,43.17586760893866,41.484669871400214,28.34564988221947,64.01780983657422,110.8944020507395,7.121524699678318,cotton
118.9351413064071,48.915830676492575,41.94135192906586,29.567903517056966,63.33857137639116,114.91682450303938,7.509851350861334,cotton
115.5927789896843,39.097007293199155,36.428220282501854,33.61451946302553,51.334073738829616,98.37907329967278,7.019995926803754,cotton
112.40864601430961,33.46633518491414,42.589985310092636,29.828501341438226,67.32692732236013,98.8972074790713,7.38743864224534,cotton
122.65906121725524,35.050473710862946,39.13195555559972,26.812669586719363,59.226912952411446,102.84895896654766,7.0624246840655465,cotton
131.60184204818242,51.70179374152564,48.52727605277144,28.61847946672413,58.447344485661596,96.78466800663384,7.745578609258283,cotton
105.77403123931091,54.0772098433048,37.021260248128684,28.28182627699379,67.56035994903188,100.07572647540412,6.544305468872213,cotton
95.28211575047843,38.66022102077186,40.98265054847616,25.85653722706979,61.473872359451,103.88043252093597,7.886804375934302,cotton
114.45865540604937,44.199516753734024,34.08167416393385,24.366701852083295,50.80643266276495,110.70908523878207,6.817263664035758,cotton
131.2189824229195,35.331117040219155,50.82459410223864,27.154541245619495,63.35052563104151,94.74549533347302,7.380721500463846,cotton
138.5139242634911,34.39304873854666,42.97911770708855,26.516750680808908,64.71585661921655,111.67039323677051,6.79862844878039,cotton
104.06590380010516,47.35044027483545,39.32421305921224,28.116285629700734,64.27285440473824,116.1584521727945,6.993533462215506,cotton
124.45159317416115,38.964956655032395,40.87358953610449,31.198502395250717,65.33908168637362,105.3509490084877,6.71339479784551,cotton
136.67246487121662,48.70431757381635,45.82081487693494,29.57150566043212,62.53155818128258,102.95292437250968,7.406033057667111,cotton
106.35425059521287,36.940718227995575,35.42651747483029,26.301095352139274,56.91818955587186,104.69871698241583,6.886432154998211,cotton
117.85995686894101,39.67225335281885,46.700789606943744,26.96040446473561,64.26597215610201,87.9301064679703,7.098843913056104,cotton
121.32207463913512,39.78295303479127,46.00637567862173,27.80788378979146,68.82688747042184,102.61767099849234,6.644251738847695,cotton
117.3600402187369,46.28275840006094,45.5579932964075,26.308251309609844,61.80933279619185,107.33165028868854,7.421235097198538,cotton
106.33974853844975,40.45882293214635,38.45473247826431,27.3171447769287,61.656687112809514,111.97065428040871,6.80608478040083,cotton
133.35445085313833,38.86790404293818,38.07959748090233,27.018068952010903,53.374394768386864,83.98232041360174,7.4871602928533685,cotton
109.9813926100599,43.47301007903286,46.444090034092696,26.873601834747937,62.52283212287028,98.71988450181549,7.4793981243575285,cotton
135.6147105623629,45.950859201019256,39.32891639913521,28.676335606483036,66.39726831427228,100.93541624914369,7.155316074358906,cotton
124.77965510886159,50.02696607365144,39.47045322364755,28.235821657762358,50.6753215684804,89.58344329023298,7.242343955742582,cotton
132.02826322358968,49.51387028493318,32.424485150362614,26.41982026707418,61.08229214482146,112.17767086352399,6.5955225073855095,cotton
116.53154985733306,36.610915135663404,33.50200276929451,29.00494852382919,62.9400894274876,69.70241982051978,7.1371876420334495,cotton
120.28432728980594,39.13953760101704,35.51209866847362,27.03607817888688,58.706176658157666,97.4689899961154,6.924999048856087,cotton
129.5173802146689,48.445290726431935,34.40409724464455,28.134974802600812,51.97543149811498,89.48563900954878,7.457883599695685,cotton
98.57295548325072,39.18600151769187,49.75345306939088,27.963714198985212,59.474744946742554,95.33680436963554,7.127437834161837,cotton
142.36092373711307,48.891318888729955,37.29750284189064,28.594268081996123,59.82191204081272,99.6385959107983,7.446010295477623,cotton
130.73516380614853,47.713561055077406,40.48730858812667,27.630985011511992,65.50639636261069,118.77566312559654,6.947280218489898,cotton
132.01892201221227,46.71214643330087,41.9530100163507,29.43215567438849,62.51168605684766,106.42499563822071,7.04519442901477,cotton
119.1603933601572,46.25396370877602,35.559738080842365,27.168568329208117,67.74067231892398,106.49016802803524,6.232923560587516,cotton
123.13547422825116,44.85533551627652,31.74230857417397,29.081950133106258,62.76597075437572,83.75677101747847,6.860712712398087,cotton
107.64030731828626,40.03398993372984,47.472765127864974,27.125577428102766,63.71414567699121,91.71159544075306,6.850071567252868,cotton
117.94621714191774,48.76626823266578,41.830055048682006,21.491838147985877,58.25838805760442,104.4411088790448,6.348528415511245,cotton
96.81538509192197,36.569669689922,31.851023340345936,24.536059850385637,53.363883189567765,96.06117462169661,6.3856973455582695,cotton
113.78021038185845,45.094521400259765,53.055667409890276,25.79715156020913,64.22607967368903,78.52124292672778,7.29574913841393,cotton
110.85349598447287,48.17410515567441,41.62993016487279,27.45607071795748,57.90937051292249,106.56260537876967,6.800138188733831,cotton
139.48522988421536,50.71933214878837,44.24060060039565,27.479042479160345,52.570261393665916,114.22947811567171,7.192091652911696,cotton
106.49705086607167,45.71232673528482,38.461677182587515,26.147246803265194,58.41795371725719,91.25165778391892,7.128000375560234,cotton
122.49365676456918,44.20875823052361,38.43533686571142,29.231454605738417,54.60446795399774,102.42136020998966,6.3703180977851215,cotton
123.32857438074517,49.52266057635623,33.60888762188663,29.671493851939836,64.23080942385803,108.5431454686358,6.978988000023805,cotton
133.87239046498706,50.84671662608394,41.90104828561539,30.558736412407757,62.040830750345386,95.0815936528177,6.758859968060486,cotton
131.6337457232792,50.00439424920904,37.3621100411318,27.39247653211818,58.69386414372608,109.35973209568593,6.504410805111826,cotton
140.37851262832262,46.9631741974662,32.31056929700674,25.99756904170552,58.13518720925827,96.79740282052991,7.00175843587887,cotton
122.73610332897371,40.91639060832821,48.45226549017032,28.31851304314818,58.045162084741904,109.74175982730544,6.613339691967101,cotton
138.23121526992296,38.8945145972322,48.56163505175109,24.850319806283323,56.221288734573136,96.84937144384187,7.286256867594207,cotton
124.59084907285366,54.25607756489843,40.39553017639673,27.54461574478633,66.71223213670012,114.45053980001614,6.5722090368166795,cotton
138.85402026363136,51.71461936778694,34.09750865058357,28.77796833930495,57.469334232745005,86.45053594277373,7.26564499734881,cotton
133.6408670968198,46.81236257912367,36.690471494711744,30.36543676583802,60.219573322474595,103.29333880854725,6.821538440903439,cotton
99.68875353844533,46.855528810028176,42.60853297404583,28.75868379614045,63.717183197020425,117.4168962127951,6.856801941403759,cotton
93.24357665095967,49.86223700599288,38.12333092384841,25.87222897562259,53.089274067605004,109.87877961400736,6.736418535359166,cotton
110.64643967559579,47.67958782853388,41.815556891226066,27.766989574930616,57.78100235882057,81.35054019033184,7.673487736767342,cotton
83.94452652318985,44.71447117520078,34.33568501804557,27.497167265729466,58.657543467647244,102.27148511626758,7.064265464269756,cotton
79.9534548937445,51.09916641878725,40.51296232108736,26.001875075322825,59.48754380548845,92.48971585714777,5.949776940337619,cotton
140.3748146557731,52.91942948903171,43.00807742121172,30.381257118105268,65.05960242760828,96.12303349357138,7.012855307018978,cotton
117.67458499890905,46.88089370373013,35.05745577639176,30.048380027462283,59.81381347880124,99.50688343491255,7.208854924410641,cotton
122.17611874374333,43.01186302862881,38.67949565242089,23.544058420468033,65.79056478191757,104.04422939624854,7.0784717194049245,cotton
144.1029107792641,41.150119850938644,40.46026474157712,26.491459695026744,65.49578603978597,87.40337721514297,7.38442955530522,cotton
137.47264640773068,47.04251852131161,46.72712998762586,27.53260545249721,57.342900537992705,105.76732183270575,6.699800320205085,cotton
118.90634416113913,49.92445623558876,44.2904749887522,28.017524583734694,54.08367401796375,106.85617132564705,6.770795528755449,cotton
120.53629343229508,31.782654513915773,46.89082285572695,28.876363972085127,56.14562397163636,103.67269013463653,6.657823459480477,cotton
135.4858703924452,43.40008507192169,42.287076700864056,29.35109767380539,69.72762683670842,118.39084221345342,7.542130559118765,cotton
132.88624142082628,52.0308305978465,32.21802051403815,29.111304736397592,53.86713204815338,89.21685792995348,7.524482008766801,cotton
116.88054019931761,37.795416291098654,33.92607081890326,29.850119868612552,62.730171809140224,102.50633404239147,6.411587319514895,cotton
120.53556462136926,49.49660013886901,35.01992635327716,25.44251576259045,58.75410194395952,100.16800912862193,7.300016989435368,cotton
106.45340145314668,42.6061767685877,42.01061799287664,30.036370005352257,62.50497370599477,96.74721403575643,6.5021954975146095,cotton
145.8835050361319,48.89800914251559,36.27961109693722,26.770184980668347,60.0280760978841,102.91826288218498,6.763373595143905,cotton
137.98853829972757,52.2387499284399,41.362056245393454,28.38398294122122,56.519031075493956,97.72472666866081,6.593829848741858,cotton
132.36416417904002,50.963971135121405,41.199941976342565,31.848239907860286,60.56558264178389,98.95233752946743,7.43766645673197,cotton
97.62147900748754,47.08841882499206,32.33962441767427,24.843894193751606,59.26904262829855,90.98288322983547,7.240578374713492,cotton
112.87695701598176,56.408112170300214,42.42714023384798,26.461697695558414,61.79684057325633,106.76157536175191,7.756595652257567,cotton
102.06003634823448,44.582799718671744,45.055991250476836,28.630426155983894,56.947300572398774,90.75462435996465,6.927498219293316,cotton
137.911004291748,47.954639126691944,41.52270205625281,31.058142022444688,59.161925703134344,99.42646650017481,6.7708556247773455,cotton
97.7395747528786,47.504905764269566,33.213081570613845,28.153428449716415,66.7186126751423,106.65338281219599,7.308467284184978,cotton
98.81947109321526,44.8832515095053,45.503988023396204,25.681562164697127,62.15211307494711,87.78146457131967,6.58487932175925,cotton
128.6233905364026,41.878910250075094,39.746674708461576,30.319776664816942,54.99775252757953,129.31067677587404,7.4130541198900115,cotton
112.53411712231804,51.525676246306666,43.68202278002832,29.693395247525117,59.1712250340156,110.79847218043719,7.221024682218688,cotton
130.6513266484372,47.2779777514504,40.4717423063573,27.642968001404395,53.30705571586858,99.85832032353001,6.657036909218817,cotton
119.81189709273731,49.26303059279193,47.47989314084465,25.86928508963406,56.01838363126058,89.22608549958744,7.1336863812922084,cotton
129.00527270514021,42.7062272101633,39.07147118323809,33.7445701021621,57.79801363069816,93.66213470995203,6.6527256136936535,cotton
99.35428017077635,51.25092121643275,45.8225754953083,27.10413365681521,66.00009049029669,98.74422635965207,6.889091447732633,cotton
119.57780153312642,34.18296156745044,34.86455346651597,28.501974789192122,62.20926532846847,100.70033838397003,6.94452168736555,cotton
123.78030877312352,56.23262048673894,47.32469383025123,28.313229288098967,55.97787210903286,107.00797922498496,7.5774286661910635,cotton
140.8425738373142,37.38039065613596,39.66254271253563,26.789384430717412,54.37198105917811,103.67752569318695,6.620468739956871,cotton
118.36747979477973,45.53134487130082,43.475542279724046,28.839462486053243,53.780627297724415,112.80816853045366,6.81155869942688,cotton
151.200010095477,45.63498484288993,46.06533044203428,30.61047237487359,56.85638640654702,97.3360027182224,6.885614712856278,cotton
115.52353120566137,44.89084146105256,35.01087400551529,28.228340614869435,60.06652176048282,80.30561239082398,6.854757353032599,cotton
112.63503467591812,41.05422451860452,48.96869279809823,24.793744505463,55.00437948510185,100.66428701798742,6.909695569680576,cotton
127.87786197201173,53.81897083055915,49.06519534297955,28.40263641036065,57.3838053369703,103.5907493352531,6.559274086874559,cotton
139.29522459962035,57.49796115931376,35.87842402648151,26.176457894474417,57.173669159705014,101.77297326907119,7.031389052858327,cotton
114.24039986574209,39.64035098846741,47.02569343846395,27.488032355274655,58.0610242973999,102.0663342133208,7.503603375860334,cotton
121.70167984290383,48.93505592684146,37.96506195379974,28.744614083020963,61.12538974154812,117.02927133473423,6.070185120636277,cotton
121.84925369116968,49.34227160680475,42.12858930886361,25.664527589449996,65.56768868386668,108.15158642652445,7.413744628002098,cotton
110.97257053227395,45.85384810654841,34.649304434070956,27.655327026802976,59.875746939674464,102.43431450173114,6.414681689233998,cotton
103.57965313220987,47.90245300236235,39.27492030859334,29.05971824640463,53.676310920555096,97.23167147345218,6.851327186180242,cotton
114.12210842386061,37.59077344132092,34.76203212261199,25.546134280734158,58.91126886667651,88.67999934580206,6.848778626405598,cotton
115.2306055961644,42.96413373818322,32.85422830902204,27.448713226150733,54.47603955211391,86.50114687020695,7.078370440670301,cotton
121.58332526544768,46.86293496670402,35.19794821188673,25.487069500041887,67.30705432476861,80.67939293648666,6.685162830032899,cotton
139.14487966649116,46.062008713145794,48.053681640807845,31.41973830795556,66.93599361913662,115.28385672661753,7.028974556939604,cotton
106.48347098085489,49.45396440063777,34.497909081390375,24.66475209982779,55.59778019056393,100.6656922250945,7.055529490275722,cotton
138.103388286398,44.04590416024695,51.50309603090134,28.17608226785571,63.83079761069254,94.23412713523877,7.087293037475919,cotton
124.29720795109893,40.26268900836651,41.053436364910226,26.0236472747853,71.54594061942785,89.28752339265225,7.094835744213322,cotton
114.14809598710109,37.253246905169014,42.606964234344105,29.279445357447756,52.98691433403838,89.52069028706114,7.429883104018046,cotton
132.27692397846042,48.47274047175228,34.764291906427104,27.48113239614097,66.72401965621138,80.15308309964021,6.545448925515036,cotton
111.7338352304739,46.32427432282138,47.273238505218295,31.706363781157446,56.63860718977175,111.48796647406317,6.3931293864316725,cotton
128.2379424819541,53.79149021536454,32.81176796106226,27.70832995472242,68.07446613725818,99.45288410381775,7.185163277194793,cotton
125.90515823973436,40.53723197980785,38.499971754655256,30.221547924595875,62.23109674361171,92.45574338639521,7.033538516876886,cotton
112.641520436975,46.675666752172965,37.80597749156049,29.071051472497548,56.03668218361932,107.62708787399892,6.518048633865897,cotton
143.29468999057056,45.99563359374156,44.46704573848031,28.78290088590515,69.53927974234117,90.33038702611107,6.2750778185364355,cotton
138.92545635061322,41.40025190783555,40.835331997516754,30.547030979851904,67.31589361875812,93.85680905951236,7.04101188717208,cotton
86.39733597624664,50.910080245001794,36.38509050286961,31.819060085587356,80.11767936097692,217.84608280682417,6.859606315294436,jute
86.16946945604224,54.36783137068003,37.021000471269275,30.252934858934616,86.96864688297507,216.6493817017583,6.246001905846307,jute
86.56397373718926,49.25490923253268,31.400816907098715,31.983649772391914,87.90887459020868,202.04698844335195,6.219689084501748,jute
87.87020812227598,49.68472000811727,41.61604489693189,26.14028279914401,77.0408619593892,229.14159310881683,6.451521409414836,jute
56.75377089899422,38.4034433621562,32.88817768941296,26.535428333480215,81.81277757417408,213.04853677168944,6.560107206267112,jute
76.27281859201304,45.86883658271521,41.81367479761515,31.407903485880098,74.3550326596767,225.73433926149843,7.138493281258302,jute
80.8657179415065,43.28141411783029,37.09756207591372,28.43544731173199,81.87661739748583,221.72772337121302,6.2249483291105605,jute
83.53918910005524,58.487750865997825,41.11095136167589,28.87461887150346,87.75955450405348,229.3385275904932,6.48875283630223,jute
63.16836332387196,44.751282675966955,36.044276907953275,28.32607311399585,77.56309678928474,258.6824953866168,6.786981531498042,jute
89.61904772377092,37.901369168582235,41.272632744713306,25.410794216968736,75.5632400119142,210.0534070971452,6.597483943807373,jute
78.92917654845576,58.51062467962172,40.4973117571,26.94461025458797,78.62743523564943,164.651414591303,6.612406821525742,jute
68.87596995990576,48.865327792307504,44.22031523747293,30.23163800913937,71.40914045773576,261.1402409591325,6.874099242801612,jute
79.43285844996802,42.9564926193721,39.92815940732918,29.608966306959378,76.16802870074018,242.66471038656917,6.309794321946053,jute
75.64116314158736,47.474086263506734,44.92633493028451,27.45981419308249,92.72351589979567,227.4586792580604,5.947520604502312,jute
69.1829689158886,47.5046356672064,42.6244787152469,27.989899553173885,81.97886754666445,210.88498414751282,6.149279281220641,jute
78.16870925579988,44.02280173573308,45.96652851273414,31.055163937606206,81.28201594313349,229.5943929958582,6.913792735526435,jute
112.18215809441978,43.829847569181275,48.595318860175176,26.07477024039697,73.70768463828809,219.4119661810942,6.799874022899681,jute
78.3059825824678,46.6883055976719,50.71416055946425,29.83495535724145,73.25911392890305,233.1744367770948,6.210792822402775,jute
81.93795875810792,46.28285583159486,37.37488196369662,30.876524206878706,76.21917037261088,226.06801750743205,6.814463178812369,jute
82.80977072883724,41.32755931552405,36.939367625912745,27.676925558222905,83.78900790359593,223.8161117282236,6.7139260889167165,jute
85.82723831866464,38.53198423661552,35.81927293588427,28.54289965413763,80.23383712735894,209.57691928937246,5.957476934412791,jute
80.61889028411248,44.028489900650065,32.94325755851983,25.605358799002893,73.82691624809188,227.43398273594755,6.58562035163092,jute
93.48597602154096,50.51998031157038,41.998256078379704,28.67881335125913,80.97822223345605,219.6280410608606,6.361404125103025,jute
87.06833347465418,52.64498056934565,37.428738460800055,31.937645833516015,82.59117457410294,222.37389193271954,6.5668838491795425,jute
78.10206291875448,39.91137736119283,40.89928013109909,32.6702623166647,87.0513357707409,205.91318064923306,6.6893889044391095,jute
82.99150951145438,47.24358967471802,40.00814532284586,30.416965254425065,84.02996544815076,204.7546105559806,7.072808296644209,jute
62.181450341055594,40.595959444008,42.61966645838256,29.42837108669011,72.0485596359311,239.90322497338192,6.62393718916814,jute
78.10248136200882,47.877028552271575,42.142668471361105,28.757535780121632,76.8784527891379,261.44753404393083,5.869051248389386,jute
71.75784382205099,38.207771278676496,39.588637648313785,31.829382137871356,79.05768514654523,216.22081789348434,6.322585851665192,jute
103.48354464908353,35.82085752837536,40.394404267753956,27.904462354550315,70.75001685637227,192.89003910647747,6.6001241538143365,jute
93.66526631567967,41.42707306089306,36.12810602959173,27.977778870157437,83.56430164945749,222.79302383651398,6.500807983019696,jute
76.45911430670792,50.382827203725526,40.29266277613624,31.690557407732722,78.154988341118,257.19996523467813,6.386467683325233,jute
94.65001144795097,45.63317565981301,39.67256565465629,28.926133061101233,73.18324236581915,262.274732346692,6.767109013960969,jute
72.97011081641895,36.642173666045224,39.697246568478135,29.04727601044222,78.17931354533386,190.21719523070095,6.369542479667994,jute
100.20459208147827,37.77319494671353,44.34249563059622,28.89170587765837,72.10501298376312,189.22914995167906,6.819734507587208,jute
77.73913831299862,45.252504107580265,36.420006610152896,27.183870901022164,84.60932104134785,232.6125934649645,6.763806285081463,jute
83.0319515707444,45.81121204887535,46.070105721430835,28.413829192740224,73.65032149368535,205.18276594417435,6.203544344552214,jute
86.0825778503131,53.63531106047588,35.39565549413024,31.346288234694114,82.27096323398531,214.85947914448732,6.109680781202364,jute
94.23909448436615,47.27732910298285,40.287918015443054,31.280651978303496,79.19242664333571,253.03038294784042,6.317787192374935,jute
56.49444832265988,41.322092778426295,34.686646455127466,28.36036059048025,86.39870663330827,240.76050939498236,6.422197887977425,jute
80.11191383828866,45.39791825264028,35.33838997070352,29.11269024178996,81.68982118641658,209.50036741144055,6.384351150348707,jute
85.93753429982172,38.19409121041789,33.31923455734477,30.240072160994938,81.52791651112578,207.72934802341751,6.684516144026342,jute
84.92132041794423,42.95786859951123,44.690659985644935,30.531180179030542,80.71798851335598,227.14831439223235,6.828262155377264,jute
101.45815273351738,44.09574630512778,37.38981039902346,29.419010631703593,75.84180502552563,225.16919407587997,6.395360446303966,jute
79.80390241407788,43.62833300829099,49.87402571176749,30.05176342960217,73.37539873712063,235.6083663815931,6.47701278867414,jute
80.8006261680069,45.60492209234832,34.03384622144533,31.04613437687928,76.9104339591302,220.5563215731305,6.700404481691567,jute
83.38420296530886,43.668413908436335,37.35858592853453,29.880806720219613,87.51690451980484,258.0332260641197,6.396053240676221,jute
94.17522560161477,56.81449624979458,37.140352699942426,25.773470033375705,82.2591596188781,248.04482659304026,6.488847327396634,jute
90.44860197119058,44.33324638938781,45.94531501817902,25.896352696554267,85.71459478869487,235.45773455996817,6.194369875845488,jute
74.41033249887111,45.82508844496519,41.28556581403561,30.41917436274417,78.92681821262498,198.33540011972278,5.863271065491471,jute
85.84863327012019,34.267658282804646,42.90854762179039,30.492699990588203,78.0053888655156,218.85425986640513,6.120600656570272,jute
82.53685089829222,52.18161801855001,40.99726662978521,31.16999694095459,80.03740590281687,237.0075387849049,6.6737075927435985,jute
87.96547176914822,52.270829040515466,37.120098042772646,28.604009174552786,68.5841583714046,243.08006971348254,7.006657472489604,jute
89.96052847731956,44.49422556103509,37.09571459561714,26.360808389822676,88.77944929810486,225.94403990445804,6.085231123305167,jute
92.9767429521003,40.35868965214849,37.58845117690698,26.62100305536327,72.12743925529514,235.31780183707065,6.258804703318934,jute
79.86975735794924,40.28253105541406,44.38586448061581,31.323069387087013,83.2669948836427,205.89395242186643,7.037506036575269,jute
76.03205070673175,39.33489529460366,39.39115746736039,28.14729477877645,78.58452032484973,217.71286090704876,7.539358443988254,jute
89.33100576205548,42.8821884723,42.98000946060303,25.45227321499671,78.01875996360376,207.80818201889545,6.351734787603772,jute
71.09706004285445,43.459750036440816,45.35320096831798,28.158842818125542,70.67512056019491,196.80705158162854,6.593151690003921,jute
72.71790952148363,49.524840681419676,39.00613848303554,29.84829688148473,80.73982233818927,206.70262308869178,6.481458703708964,jute
80.1434197813289,41.784948374815585,45.729974209103716,29.842208769339432,75.34893244476305,201.9483635447407,6.028064919653841,jute
67.01116477902416,46.06502687477771,47.01094878191918,29.852723586046068,83.15760462876344,215.639913832436,6.898562642604036,jute
78.8107862864666,48.66127904707002,45.40407741528409,31.449087990588076,77.61900788010874,218.3474113082503,5.736455734821642,jute
91.26450695006113,40.32828738284965,45.02599874737378,29.09487237838896,80.67584181848302,241.6448764326264,6.851048648460446,jute
82.59510559282684,45.1199226499678,40.40525686684383,29.622732051011027,87.12008593239268,206.9320858487542,6.535908033568691,jute
84.99532481500648,43.6924886542457,34.485658127633585,29.615769226667812,77.89472872528674,231.6861431912269,6.315968114705205,jute
79.4397428552767,43.461075418967454,40.426404332649845,27.956715179684053,83.76187518737228,231.02785431401517,6.756011758593211,jute
82.13781478988464,47.67070089633889,46.86911473793394,29.83316026447516,75.90434789791524,224.25842967972886,6.255659676905312,jute
85.00355018066358,39.73856685037818,33.59960464988432,32.40001008837104,85.11292935319527,235.4867690866691,6.590727604259939,jute
82.71831353998589,48.17619080157691,40.40937602030662,27.309044140283522,77.00048036609854,244.8953680532388,6.143955697024234,jute
79.47684636410779,38.92514091405211,35.26398673523399,30.897445432669148,81.88493390008067,210.05130857074786,6.49749500130997,jute
68.18861546222126,51.93075470825141,45.73675999599222,28.67030965202015,89.57210320541947,217.91675986634198,5.851435586672545,jute
88.67272043339776,47.17987662292465,43.25704842419222,31.20532352486886,81.07022467574544,205.94672888229147,6.79729193814591,jute
87.51549486626116,39.83689003803535,39.968648414478864,27.204586607176157,78.31422855627298,242.90016080225925,5.935677836904766,jute
88.91083223202027,41.70350008331312,40.19952561898911,24.790626452587922,74.23620764389764,242.88356339281285,6.632700024505739,jute
78.28338441775276,39.613521624565095,39.63392209934905,27.9026874352921,83.24607649864478,211.4121811754658,7.07803842725865,jute
79.58273765706112,52.885655956102596,35.24556767450884,29.770330320080284,87.53671274066484,215.74647565250692,6.320924249411017,jute
76.20684351927412,45.88705366167636,44.92222733544414,31.882950528436552,80.38693258449,202.6900264844165,6.76879068727958,jute
84.01200010151447,47.38738739541357,46.57788132408261,32.09661470613237,83.09590028099343,232.3905171496837,6.647562767901266,jute
85.34563589321408,42.511426565055125,41.385644858095326,29.87131049004907,75.96286384122124,200.8522484665663,6.054499157857553,jute
79.42903509697123,48.07645936295329,35.974321987506485,25.48269608370925,71.83902070130677,178.62867676507062,6.1012300706112095,jute
77.64151357298229,58.18545763204014,38.99074014500717,26.5750557848084,74.46978681138032,231.25683609413602,6.41614753805408,jute
80.51512835151611,49.6532221357328,40.86707723848301,28.240435864566003,73.89296481603115,200.27384767192999,6.479885454137762,jute
86.40773129357414,42.88405727548563,43.01221895204777,32.45991814253923,89.68516578485891,273.2443966355928,6.443093246609703,jute
86.08953325036137,44.43778579182723,38.90163206397762,29.514960449257376,76.50107544161816,216.89958589951038,6.484128995190716,jute
86.43992158172645,48.91520529653259,31.990451426471758,29.04634457579166,82.02095810426488,241.6244177609702,5.913703107040927,jute
70.36904545350691,44.00173850857738,34.63250239469864,31.268669308730782,76.16614328665858,238.01007441041128,6.39148168369423,jute
58.83418030493132,41.06694516176557,38.520508622702145,27.93079891386301,84.80301768259024,180.07884780160424,6.114491801172823,jute
82.23039544399862,40.9207393138582,41.42964329104439,24.735523793756563,72.02740616643977,179.84148288282495,6.334125868550092,jute
85.46510179191829,40.8009880255817,43.9388586806389,30.247086921235876,76.09571701630941,246.84503268118308,6.30292889303725,jute
55.42539180864041,44.75767438840326,43.02499954601501,29.5321504160546,79.61522880488874,228.76802368806563,6.313964271269147,jute
87.68811206347203,33.48905305615162,37.68003046550886,24.911300768104887,74.97755403139405,265.27760698179395,6.198160292059049,jute
78.57533061453337,47.16805122724029,35.579618612549794,31.835233486367407,76.36144953095376,208.9804122066006,6.926077934359761,jute
75.36877469931183,36.68916410505924,45.577542046803465,30.630361077875726,88.91100202634149,221.58923439180487,6.883745472139703,jute
85.16766335739615,44.648312748475824,34.848520511356035,31.345775400841813,83.91706749799705,218.6216790819637,5.890014538280606,jute
94.7866782377408,40.78900842238971,56.304691990171186,31.77855179210264,77.91816652303837,205.63126156597292,6.367661400179317,jute
98.24189464876953,37.271613222233555,41.65016921625589,27.453373463403842,78.2499697761166,237.27485006116635,6.476593451506344,jute
76.80968497689032,41.52146648676202,38.62556033715414,29.182283428313685,76.45009105417913,252.2510638799161,6.371866136119329,jute
91.78965491316009,45.75627752815396,39.04543679183838,28.060578954099324,88.63981569966154,204.98923502309216,6.669657887073521,jute
77.43230135660599,48.76786763626556,43.1549286211792,28.16079773457555,79.33311069608644,236.28316027644348,6.383097016217243,jute
85.05507415902329,49.26533120169603,43.814116948945056,28.69125951866832,84.23400498896672,205.7843898619244,7.019215799916294,jute
70.43153972765218,44.361804184612126,49.23753276847105,27.23596417233842,73.89082059225818,244.60523006108195,6.623418166521585,jute
76.42103573196854,42.47691230585635,34.725051964567875,26.04939471593816,86.05840402929567,224.27616329691276,6.7062790906908365,jute
61.245503790474956,46.639227005413616,36.92140737171352,26.93442818262656,81.86978062114251,200.32526524881376,6.334762657573624,jute
77.22253026709986,48.11867501191861,37.71318903015049,29.194012785547844,86.10635604917033,203.19121966110802,7.068746001590724,jute
84.70717616550752,41.94885641995426,31.605222253184536,30.808287497100604,69.30925909040431,266.5262019996415,6.80867897317475,jute
70.6505767201881,50.780522792924124,39.20063622416373,28.487458622181776,82.83476827112675,222.00102018929385,6.635838248372734,jute
75.27896277867809,48.22121676663464,42.97421612760376,27.748315862845043,86.6729016443297,230.47094360046628,6.440455243204896,jute
88.01427669596703,45.756740517471904,47.21798983171351,28.38032122202493,87.9947749101784,254.48450642947577,6.5352181435161665,jute
68.25799094765398,43.39862481810955,38.5302596637516,33.369571529722045,79.550489412893,224.65199517739825,6.720491311655422,jute
73.58621584813581,41.50672708784558,44.69950969956038,31.849403412288265,83.5809839134416,251.41492452398344,6.318854586693223,jute
76.34543494108362,43.419887470726856,30.656013310040763,29.390379857687858,75.51391993005916,208.95747841483444,5.605467185193488,jute
67.83289119287947,54.1453666310359,38.20607331884122,27.833969581873916,80.29330968652322,233.32320950062038,6.1168378728674355,jute
67.30638208060968,37.165341385217616,42.62183596808898,29.893352812797634,85.65167774653358,219.08529902399508,6.488277856540693,jute
72.87955337139772,49.62499424652885,36.46176501843016,25.02363645690039,84.27993109673795,186.5447184423971,6.538472678092154,jute
86.80132119494789,39.24237240380193,42.53434129816115,31.217356419552026,79.01431185783295,225.84662120910565,6.5603804891520285,jute
82.89883639657171,44.75352201797942,42.51331727558242,31.525398810024058,80.59865591855446,209.15208894757157,6.294584935941364,jute
79.79931946174322,48.20389468113538,36.25812851772586,30.89284139846073,83.37803206295035,225.61876956417134,6.633274362849116,jute
65.469638090914,34.48946592861736,43.377809476588,28.826548647977003,87.31972393612199,212.32043338135574,6.3498960009695065,jute
75.49696928301383,54.038184589890534,45.07307981304542,27.070276031832147,71.69786877954668,188.36581381616668,6.718754905754924,jute
98.18845726934192,32.90212432116165,30.836950156221125,19.75659095319808,71.2320085183121,206.909362023357,6.163298341336781,coffee
106.03953006788197,27.745620571257476,29.473823105266725,21.581796148702807,72.3174931533755,218.6170813656818,5.767880989908462,coffee
82.99238095501865,24.701998775125723,30.09150460255666,20.33843043314497,79.60799776839553,179.70168925123457,6.690356015642707,coffee
98.56900184999255,19.181371128594343,27.43532023530415,20.451894562972768,68.45536136805971,187.21081766968038,5.831017749863795,coffee
111.81243354959753,23.945512239374796,24.686639103883557,24.589858826001258,63.36920400623593,141.69196840197588,6.1238616795033884,coffee
117.01086419374333,27.412748810953453,28.25208377209764,24.821677341189506,69.67500912764973,148.05479004040268,6.083279003033557,coffee
115.83632272681783,27.350358341421046,26.8782652202453,21.68623344089275,72.6452541719856,160.84987749563717,6.203527342085169,coffee
105.38061979120174,21.533113229434118,30.3152637952309,25.041107781838164,65.42070471602806,183.63732266222343,5.495564260508483,coffee
99.11160909621056,25.590709677168434,28.489963106016987,20.810424384905147,71.19335729663209,192.02561033055986,6.573889892381466,coffee
107.41128913101113,23.514592248270873,27.525003139852405,23.068532799310876,70.0058326347701,175.68516405016982,6.094714567451682,coffee
97.40564219321959,17.978034507993925,33.36315060993523,22.48892008821595,66.86075121281941,166.50821661650036,6.473883093361777,coffee
93.1842423597331,22.13855400445189,33.11360074350867,21.85691445203615,73.10017285308845,143.14968373288445,5.6833504789930975,coffee
93.05196416807668,28.539300801095838,39.25683588220484,22.493533506295318,81.70867812505243,195.61017110747878,5.7982605992407015,coffee
95.46118516206403,22.82659025330892,34.54142188369974,21.198890156594576,77.49175308246359,179.4210387548662,6.001626707582247,coffee
105.97906147214867,27.321327890028616,27.847218959624673,22.469036953796405,81.95095708856057,182.3509666358731,5.909154615233904,coffee
95.59599517818778,24.77131512845808,28.279883083033404,20.319581746592846,86.12176014407666,152.93397361989625,5.745963907518144,coffee
73.71333726434663,29.123425737241803,25.948951477911358,23.403998088747308,71.92996040626878,165.32486106066406,5.6105389969877155,coffee
94.08220495311967,25.514841037665214,32.34612106362574,19.703789908827115,75.34126935470678,201.41687889875385,6.228608782940419,coffee
100.81932673991881,22.89050351418227,26.53750425938032,19.551940978384643,87.44492972107312,188.0567585730176,5.696928228809894,coffee
70.87806021777493,20.566029042192923,29.015757249676362,20.208620227976624,73.70814224998662,202.76023047912093,5.308988330107065,coffee
116.98710430947716,22.787057781245203,35.01217183677095,20.181848394900427,74.10681116570986,188.30881005548912,6.503165198415025,coffee
111.20762218449354,23.77185565836554,32.27390514124958,24.861866575792416,72.86338231629733,185.68962032465635,5.514214442448518,coffee
102.5772876374613,26.877124130508932,31.94885044851073,22.287621618114322,83.71251882276451,194.57988450603068,6.062181509540986,coffee
86.31458539192657,15.891305208022423,38.756637453457145,19.96366945519745,72.87103235545993,198.1396643151622,5.810858821621874,coffee
99.85777826587145,24.810593524778856,25.487208054291987,23.224543748276318,71.59131423344785,189.43938575253082,5.810313124273788,coffee
88.94272586908862,20.764257536862765,33.040447818646285,18.220406486602542,68.74326649169059,185.8246450835444,5.899914441348677,coffee
104.78728967815469,21.388352775743037,26.474978976994787,24.505832633502166,84.65574914977508,187.4894318595514,6.349967017569164,coffee
102.52625079736737,21.26251159968452,34.945217873842225,21.455665153549393,75.25729229695554,176.657783707188,5.051286527765797,coffee
84.75523707702547,22.79924508823833,34.19977274154857,21.50124592843113,80.47219862980161,196.2784231044895,5.888239630714638,coffee
94.72085146632733,24.054004738939735,27.32259990968905,22.843024415664267,82.40842260657183,156.13393828849183,5.690705422663054,coffee
104.788192319567,28.350528980765056,31.251334983584417,23.006912134975675,72.09002760747738,186.3271584055596,5.681762205942079,coffee
133.79025278099647,28.337042887490007,25.60315151057096,24.40756876824898,71.49963863526922,158.23694368710562,5.833711251740261,coffee
93.86559927024496,28.437859141877276,33.65571552129096,21.03371675920123,71.13963512611855,186.05286959030636,5.868034362387644,coffee
108.18040718239185,32.37199692171998,24.723251609845878,21.949699352284487,70.71646069176781,179.67435965912665,6.13612392632522,coffee
113.15382319208096,21.672821427699837,22.73125311318411,24.800067840002114,67.9146061303912,164.01673169084793,6.025930842017659,coffee
118.74742309866093,27.012650258196253,27.49506244635528,20.63459076844295,76.08804567732516,207.01139395034187,5.512451543239664,coffee
98.73101989558528,29.868138029124445,27.375600335862167,19.383272967097504,72.39604618137489,176.19568979995813,6.298236643605623,coffee
103.16288412879102,20.21744114526619,32.62421787673468,17.370078135402057,76.6823728477675,206.69496264280565,5.961861773768432,coffee
79.85598297982055,23.579573887333208,22.172884759878023,21.445904039154435,74.53479746095573,193.52415512424605,6.035234851367394,coffee
100.920291815606,29.09624350758076,26.790193925403806,24.111808125081115,80.55800226128677,195.4001516317348,6.26447871325632,coffee
110.28231775695039,25.957385269198753,33.89917032933462,20.569228053465327,77.48428485381962,203.7657615792176,6.072159339486927,coffee
88.72196068189608,19.76896673727987,30.908977919001934,22.65637158268194,72.99458130680247,180.18640655942136,6.103596444407413,coffee
97.7523291208756,29.193584919423504,26.91776509265562,26.332937175199355,79.09456129336913,199.8605998620309,5.404855018067771,coffee
90.92942572869248,29.123325855059264,35.07676533916079,21.332107229005867,77.13119281089138,201.99296427537834,6.3760562134954055,coffee
76.96194862558144,26.896246439165964,33.229154115050676,20.152751203604655,72.31179952744549,173.43155119871085,5.572218750805201,coffee
91.65248967375868,30.4999790918105,21.28300646577214,20.005715463947688,73.19167293726223,194.07666906954586,5.256838186311794,coffee
77.71412537143286,18.894970503312365,29.73662396280136,23.886573652137916,73.84105424710282,193.31020886990962,5.838202029435065,coffee
110.51607949234935,27.447928377900244,31.440279908972723,20.140964441690027,73.74299790231797,191.3277353492225,5.805857635290029,coffee
109.13999855695273,31.870072193168582,33.27124398662579,24.49243012712074,81.49872400168496,206.78416629609507,6.131346218186831,coffee
112.48446611250881,26.66731253817562,33.73084765245008,21.783543964430695,74.192618793878,182.2250079125241,6.3807073283598195,coffee
87.51563118932914,22.731062331294076,27.486688841391548,18.63306228291278,67.62072834022655,200.27536018801854,6.044050986162415,coffee
97.30094733072572,28.081881455798502,18.441069069192437,20.166411590797438,68.59598742295267,198.6498726771526,5.726605842691626,coffee
96.16636208343256,31.56878137221311,32.229984107637726,21.708210737975275,75.73054750630294,172.6541140862535,5.788970785551966,coffee
88.1656996882438,26.12038135435051,29.064434018281418,21.462025671431324,90.82250293111314,168.89216190793218,6.636079910959609,coffee
108.06495277992715,26.0341199343605,32.068819841749395,18.348880015143482,77.82386997015725,176.5015150246683,6.190807993493996,coffee
84.89973206116699,24.245587063679068,33.91057801225503,23.398913171917442,82.57667851254934,176.19089079265268,5.418622149301463,coffee
100.44054282983488,22.339573534934473,38.555232509493585,26.759380881294092,72.39743909641675,170.79319795880664,6.123228704109853,coffee
104.87147026116375,14.948670946418959,37.180623556164385,22.88135508250986,85.012787651229,181.6100668441338,6.244383361964113,coffee
99.6915756768067,29.49575885795886,35.593409482008944,23.267434769087274,72.4643744115559,163.31452801295148,5.217104738441581,coffee
107.56220601095791,32.855726999784316,30.529244117811025,23.432333663023645,79.44063074271773,156.87138913806754,5.628141636261138,coffee
89.77481123449932,32.85078790021137,33.02600648623092,22.562668600904047,73.83594041396114,184.45160261398607,6.201373784468772,coffee
97.34450463972229,25.63456907160123,35.24297140835454,22.451696319578524,65.86854967046374,182.0902584197831,6.074626255783304,coffee
96.49441808762359,33.86727800120841,30.325597199104408,21.40349156634641,69.63786031763543,175.01988681209727,6.5924507516857345,coffee
92.90942113937615,27.609350260303998,23.348487662181505,22.315533492347964,74.54855383003819,169.70189659243684,6.059242600988833,coffee
111.09388039192498,31.11240523004543,27.81313693884838,25.97980458503764,83.56272374693563,191.86767761637736,5.864584409331212,coffee
73.67881490915727,24.534530681836657,38.27458203272489,18.634685044993258,77.01594116623828,212.27946779683566,6.4656715467991575,coffee
88.47372497246953,20.22319100907942,28.657346181483017,23.40108115709402,81.91495131498412,199.52872889376204,5.438040939727318,coffee
85.86793116265378,26.144471590515764,29.42282194207443,20.410543771264166,79.81803413741837,140.5735045838931,5.8193951028394695,coffee
110.23487313836883,29.958569277647538,27.488292191570146,20.6806688848314,76.26405145204384,175.28699770125266,6.264523138387199,coffee
113.44520877812461,26.72341652809372,24.98323336827985,21.25176317399718,70.43600036404133,180.75869742338176,5.715638974410679,coffee
99.5765043357212,29.756111550780073,29.360368223174653,17.160500898597814,68.00531506308263,182.3056405810948,5.428225411604822,coffee
106.18364683182729,27.278934960543083,31.18488751160416,22.58048330333465,76.54519941470805,201.182994263577,6.125712998925383,coffee
103.43392222460479,24.751760592619004,26.27265871008308,16.624089618410064,66.42051897247923,169.3604634790818,5.994893437696033,coffee
96.16062632853289,34.44946611593289,24.51772599489606,25.514262821586662,79.40263824593302,193.50692284447567,5.694264166947483,coffee
92.55132026099146,18.291126505680708,34.92394901854657,20.88897923345537,71.00265936062746,199.16078723116271,5.804998349715459,coffee
93.76683800851417,21.690485132495166,34.268835390919946,21.604188919466022,64.37612845840457,186.45452565814023,6.103021412357523,coffee
111.75542744521323,32.75088946023216,36.25747111507899,20.881273257191644,75.00909360357365,202.98707022026426,6.030300733071963,coffee
102.27369000232262,26.420210410979447,28.219391465263442,22.944253655740972,77.02869393646434,168.2135754718343,5.5198195822629454,coffee
98.34711283819016,33.20352658225484,22.5473258537165,25.39069982534864,81.89556616489484,163.97610101725206,6.435899174800128,coffee
100.14158420971255,28.67151946317069,40.29985865820483,21.403993821352877,80.19837249155105,182.87681418389542,5.961904109775853,coffee
85.49196696623127,24.933045666106622,24.738068381798467,21.858117768331034,73.07199812287377,192.5144866468644,6.209230903363484,coffee
100.9433363215919,28.522183329746024,25.75227857424834,20.290396202220563,79.14059751238082,165.52031946463012,6.390810188263154,coffee
105.49838854056111,23.166189444218393,28.053885238203975,19.86742889831251,67.29772879127246,152.6476576921016,5.603255666067168,coffee
110.24515281715006,27.463101401858534,39.397541599879446,20.573894659669026,72.4864966576484,181.21507960831693,6.222613323733225,coffee
111.97524372923026,22.8472026048152,30.65604512934741,20.865363724715348,73.1776488683945,188.0641966204719,5.364698525631239,coffee
112.2684308729472,24.022902257411022,31.357559916081506,22.391651030791706,72.5051038098557,166.69905957983386,5.623929032554899,coffee
106.16299506975098,23.992736025999864,29.656397384894248,22.750032975690324,86.06332706483487,159.40960747035987,6.028654607548689,coffee
91.6340514311972,27.02683951299719,32.850829892704525,22.145465548829307,67.23757024277269,164.260911462161,6.215883144577529,coffee
81.35512474044914,26.46021782777923,32.32211970881374,23.689413041101126,78.71038000416026,154.4502877824866,5.553628616657822,coffee
74.46006963716239,28.751745322160566,31.03258172543572,21.209467971105205,78.33105883240448,154.15417912307004,5.95449412720545,coffee
94.85484636530691,24.428116941182854,30.5335617510311,22.913181897847338,70.23687508162325,154.87017512696247,6.270283209785075,coffee
102.40711687376577,17.376822355418653,28.32452575064639,21.669427629262913,72.19670909099345,183.15843092882557,5.867160759258149,coffee
103.15405813093247,23.56252675909172,33.31917363816689,18.928204669722128,72.09162100379912,190.8570466662504,5.621801854129909,coffee
78.76643267433971,23.800442784661072,25.17363790136109,23.711317907657065,70.42857384679417,125.86018990018826,5.759228493624539,coffee
99.53644419313443,25.49721656628713,30.164311634905673,21.03919732985424,72.04520372367853,200.33166953423532,6.280999951216442,coffee
103.70897644093277,24.266927660281798,32.01255929352999,22.045480634991026,74.8126643661451,183.11464869918484,5.789631500945573,coffee
124.00204812382904,21.115890578928717,24.296111945302673,22.038922806929573,65.62863219363646,184.16690793124621,5.399777707841739,coffee
97.29760367090681,30.519517868219133,28.574054118132473,21.198587767681204,84.90354288922936,179.7918068233509,5.395420680418644,coffee
109.42109117280911,27.90299390527095,32.30573860501738,23.216928915314607,77.91211443208272,202.38554184104237,5.9179485774717255,coffee
87.4666654636689,25.970101763267778,31.24790229083027,22.69785947401517,78.89798828995696,193.55005477112212,6.111984249767351,coffee
88.71093112050676,21.817259584865152,30.555790098321964,21.061936229629772,73.7249548672085,137.8426954051988,6.393434049479543,coffee
92.25377194256018,30.182827853068233,23.883001819555254,25.364486768235512,80.34145011703366,148.25290123226966,6.21563456353041,coffee
86.31857102108242,28.047160181412117,33.192038691615004,21.76531997490341,74.17924822210193,172.4466319192634,6.287790642550607,coffee
115.74056925328667,28.87431911150536,33.24192979350542,25.821106892380545,78.57632813360036,176.73029613940722,6.033791416241062,coffee
97.24312365822394,22.753989059995572,30.41554651733618,22.0027820723551,82.64435257757361,168.34614964862774,5.777473456622441,coffee
98.07979930464816,18.547392367489813,34.9386252204204,24.826400331878602,75.170910491352,174.75676620675833,6.195102939947799,coffee
100.53021342926687,29.908436874570462,30.594352589885297,25.131890003669454,80.82944838361668,170.9682117344167,6.191541650157105,coffee
110.6173425062164,25.906087957444534,27.72472202503241,22.605221221901612,66.59688750871531,198.21715037622914,6.146587523078475,coffee
87.52270184302492,24.098227095515686,32.96209686893974,18.98328136229081,84.02742611016427,165.58663825996473,6.196641497236663,coffee
113.72072690057038,31.356598299294262,24.710032924038895,17.77219034831966,74.89362950279705,162.70023415115483,5.358112769515475,coffee
106.29907211479049,32.03644857483932,24.457081953328657,23.82028289400895,67.90569273669199,179.09165192338259,6.668969086253843,coffee
79.33246299183278,30.691318339826502,26.53939890544771,22.1406160601431,71.89864768283988,166.9575329112363,6.073893297299632,coffee
70.56419941642562,21.664714762647847,38.3474132664605,25.394015749256628,77.72332053439229,204.70385713756906,6.059902426716507,coffee
92.22487465089678,25.836558188077905,35.41582774242086,24.025822461314906,78.63841733849355,132.2066945486189,5.9526521818260925,coffee
95.49000725349732,27.087648050262565,29.48012218712169,18.781683611085835,80.24749237204298,187.9364744875228,5.845691211322222,coffee
80.29797996784856,25.74529708838084,29.710182301908716,24.194153788288713,73.31879595380153,160.3487259119122,6.334140781003454,coffee
85.06283907777123,27.63659620640501,26.377698294278183,23.923004371922044,85.69493163530665,181.51853961344972,5.843575823261765,coffee
98.68651764474177,23.21700872615068,27.40494491107259,22.354894716677872,68.09013854933906,160.89509200529238,6.077931986852222,coffee
88.75258530299953,27.387493078688,28.06308023857343,21.980720271894565,80.11790100613817,176.47778864626335,6.303560826704396,coffee
86.26951262141863,21.740319262514827,29.1407997793611,21.33354104008027,72.34734762796764,155.1837689622246,5.044716889521485,coffee
